"Species name",CK-Mean(%),CK-Sd(%),Tb-Mean(%),Tb-Sd(%),Pvalue,"Corrected pvalue","Lower ci","Upper ci",Effectsize
g__Bradyrhizobium,7.927,2.071,4.287,1.77,0.0001502,0.002369,2.247,5.067,3.64
g__Acidothermus,4.988,1.852,6.369,5.953,0.9817,1,-5.221,1.25,-1.381
g__Mycobacterium,5.373,1.434,5.486,1.618,0.9633,1,-1.238,0.9804,-0.1136
g__norank_f__Xanthobacteraceae,4.646,1.052,2.037,0.6469,1.144E-5,0.0009889,1.989,3.295,2.61
g__Burkholderia-Caballeronia-Paraburkholderia,2.93,0.9254,2.87,2.495,0.2063,0.3152,-1.483,1.271,0.05985
g__norank_f__norank_o__Gaiellales,2.746,1.351,2.812,1.269,0.9817,1,-0.9858,0.8971,-0.06613
g__norank_f__norank_o__Subgroup_2,4.592,2.245,0.6848,0.9714,4.775E-5,0.001233,2.713,5.245,3.907
g__norank_f__norank_o__Elsterales,3.544,2.893,1.095,0.8986,0.0007324,0.006114,1.002,4.136,2.448
g__norank_f__norank_o__Vicinamibacterales,1.534,1.548,2.952,1.849,0.01685,0.04876,-2.511,-0.1735,-1.417
g__norank_f__67-14,1.171,0.9751,3.199,1.067,0.0004017,0.004391,-2.721,-1.246,-2.027
g__norank_f__norank_o__Acidobacteriales,3.341,1.926,0.5525,0.6635,2.613E-5,0.001022,1.783,3.832,2.789
g__norank_f__norank_o__IMCC26256,1.822,0.5285,1.535,0.4973,0.1414,0.2393,-0.07783,0.6422,0.2872
g__Conexibacter,1.508,0.4435,1.797,0.6838,0.2412,0.357,-0.7355,0.09357,-0.2896
g__Bryobacter,2.539,0.7763,0.5958,0.2716,4.752E-5,0.001233,1.499,2.331,1.943
g__Roseiarcus,1.976,0.7243,0.8338,0.5537,0.000618,0.005722,0.6387,1.575,1.142
g__Streptomyces,0.6315,0.2112,2.074,0.7663,9.226E-6,0.0009889,-1.845,-1.039,-1.442
g__norank_f__Acetobacteraceae,1.628,0.5315,0.9289,0.581,0.002247,0.01236,0.2794,1.086,0.6991
g__Pseudonocardia,0.1743,0.1693,2.108,1.348,1.144E-5,0.0009889,-2.651,-1.292,-1.934
g__Candidatus_Solibacter,1.436,0.3464,0.5882,0.3065,6.359E-5,0.001382,0.6209,1.081,0.8479
g__norank_f__Micropepsaceae,1.177,0.4444,0.7836,0.5536,0.02292,0.06099,0.0002637,0.7235,0.3932
g__Nocardioides,0.3634,0.3645,1.51,0.6946,0.0001031,0.001978,-1.567,-0.7659,-1.147
g__Acidipila,1.223,0.6028,0.6215,0.5143,0.01585,0.04638,0.1561,0.9711,0.6019
g__norank_f__norank_o__norank_c__KD4-96,0.3552,0.6175,1.477,0.8854,0.001647,0.009821,-1.674,-0.5562,-1.122
g__norank_f__norank_o__norank_c__AD3,1.711,2.696,0.1088,0.1197,0.004352,0.01957,0.3724,3.108,1.603
g__Granulicella,1.283,0.7152,0.4973,0.4879,0.004082,0.01857,0.3466,1.205,0.7858
g__Candidatus_Xiphinematobacter,1.129,0.5674,0.5417,0.4824,0.004705,0.02046,0.1932,0.9587,0.5868
g__Solirubrobacter,0.2163,0.2673,1.429,0.6759,1.724E-5,0.0009889,-1.57,-0.8228,-1.213
g__Sphingomonas,0.5348,0.3031,1.11,0.4291,0.001019,0.007637,-0.8417,-0.3308,-0.575
g__Acidibacter,0.8465,0.3115,0.7421,0.3642,0.27,0.3892,-0.1635,0.3408,0.1042
g__unclassified_f__Micromonosporaceae,0.3853,0.2688,1.148,0.3403,1.738E-5,0.0009889,-0.9824,-0.5448,-0.763
g__norank_f__norank_o__WD260,1.142,0.8066,0.328,0.4645,0.008242,0.02922,0.3775,1.305,0.814
g__norank_f__Solirubrobacteraceae,0.8433,0.5468,0.5462,0.4638,0.1078,0.1945,-0.07922,0.6359,0.2971
g__Paenibacillus,0.2432,0.1511,1.137,0.6266,2.136E-5,0.0009889,-1.225,-0.5805,-0.894
g__Mucilaginibacter,0.9489,0.5527,0.3869,0.3768,0.00943,0.03227,0.2135,0.9101,0.562
g__unclassified_f__Comamonadaceae,0.6344,0.4159,0.6669,0.2729,0.6961,0.7609,-0.2839,0.2456,-0.03249
g__Haliangium,0.4802,0.1963,0.8169,0.2647,0.001194,0.008393,-0.5312,-0.1748,-0.3368
g__norank_f__Gemmataceae,0.7852,0.3526,0.3901,0.1909,0.00304,0.01477,0.1999,0.5905,0.3951
g__norank_f__norank_o__norank_c__TK10,0.5876,0.4262,0.5723,0.2627,0.5657,0.6625,-0.2234,0.2765,0.01532
g__Actinoallomurus,0.08293,0.06316,1.075,1.346,1.912E-5,0.0009889,-1.823,-0.473,-0.9923
g__Puia,0.7192,0.2574,0.356,0.2166,0.002415,0.01318,0.1875,0.5313,0.3631
g__Candidatus_Udaeobacter,0.6912,0.4117,0.3811,0.2654,0.06604,0.1412,0.05278,0.5612,0.3101
g__Bacillus,0.2702,0.1827,0.7799,0.6497,0.01007,0.03387,-0.8924,-0.1862,-0.5098
g__norank_f__norank_o__norank_c__Acidimicrobiia,0.8322,0.3135,0.2155,0.08834,0.0001027,0.001978,0.4479,0.7787,0.6167
g__Actinoplanes,0.252,0.2429,0.7783,0.3143,0.0003087,0.003796,-0.7289,-0.3188,-0.5263
g__Gemmatimonas,0.2636,0.2056,0.7651,0.4033,0.0003378,0.00391,-0.7531,-0.2789,-0.5015
g__Reyranella,0.375,0.1856,0.6365,0.2417,0.006252,0.02448,-0.398,-0.1064,-0.2615
g__Edaphobacter,0.5324,0.3921,0.468,0.374,0.5972,0.6811,-0.238,0.3312,0.06444
g__norank_f__LWQ8,0.5184,0.3672,0.4778,0.2993,1,1,-0.1876,0.2805,0.04067
g__norank_f__norank_o__norank_c__norank_p__WPS-2,0.8459,0.6242,0.1035,0.07753,0.0001644,0.002396,0.4155,1.052,0.7424
g__Pajaroellobacter,0.5433,0.3327,0.3793,0.2017,0.04315,0.09901,-0.005299,0.3748,0.164
g__RB41,0.2456,0.4499,0.6732,0.5214,0.008809,0.03081,-0.7936,-0.08189,-0.4276
g__norank_f__Vicinamibacteraceae,0.2005,0.3997,0.6835,0.6451,0.003504,0.01632,-0.8478,-0.08246,-0.4831
g__Jatrophihabitans,0.2752,0.1072,0.5895,0.2976,0.001642,0.009821,-0.4759,-0.1545,-0.3143
g__Allorhizobium-Neorhizobium-Pararhizobium-Rhizobium,0.28,0.1807,0.5462,0.2788,0.008242,0.02922,-0.4261,-0.1065,-0.2663
g__norank_f__norank_o__norank_c__Alphaproteobacteria,0.431,0.2416,0.3877,0.1456,0.6293,0.7065,-0.09772,0.1868,0.04333
g__norank_f__Caulobacteraceae,0.4265,0.1531,0.3605,0.2571,0.2413,0.357,-0.08079,0.2116,0.06604
g__Nakamurella,0.1788,0.1681,0.6072,0.4541,0.001194,0.008393,-0.72,-0.1801,-0.4284
g__Phenylobacterium,0.295,0.1222,0.4632,0.1995,0.01308,0.04038,-0.2924,-0.04887,-0.1682
g__Microbispora,0.08267,0.065,0.6421,0.5857,4.764E-5,0.001233,-0.8881,-0.305,-0.5593
g__norank_f__Gemmatimonadaceae,0.3193,0.53,0.3703,0.3007,0.09312,0.1745,-0.3335,0.2912,-0.05097
g__norank_f__JG30-KF-CM45,0.09772,0.1267,0.5821,0.3288,4.264E-5,0.001233,-0.6648,-0.3027,-0.4844
g__unclassified_f__Microbacteriaceae,0.2726,0.2543,0.4009,0.1538,0.09335,0.1745,-0.281,0.02193,-0.1283
g__Rhodoplanes,0.3658,0.2102,0.3011,0.1259,0.5812,0.6658,-0.05386,0.1994,0.06472
g__norank_f__norank_o__0319-6G20,0.3948,0.1646,0.2491,0.0711,0.01585,0.04638,0.04833,0.2316,0.1458
g__Gaiella,0.1719,0.3937,0.4474,0.3685,0.008772,0.03081,-0.5206,0.02665,-0.2755
g__norank_f__Ktedonobacteraceae,0.3457,0.3681,0.2615,0.334,0.6791,0.7506,-0.1687,0.3457,0.08429
g__norank_f__Ilumatobacteraceae,0.1305,0.2161,0.4749,0.2652,0.0006724,0.005922,-0.5105,-0.1601,-0.3444
g__Ellin6067,0.294,0.1572,0.3013,0.1308,0.9633,1,-0.1136,0.09483,-0.007393
g__Mesorhizobium,0.1611,0.1914,0.4065,0.3203,0.01225,0.03888,-0.4306,-0.06337,-0.2454
g__unclassified_o__Gaiellales,0.2335,0.08613,0.3262,0.1217,0.04315,0.09901,-0.1769,-0.01717,-0.0927
g__Aquisphaera,0.3204,0.2119,0.2245,0.1241,0.3825,0.4809,-0.01507,0.22,0.09587
g__CL500-29_marine_group,0.1239,0.1313,0.3904,0.2329,0.001396,0.00893,-0.3969,-0.1302,-0.2665
g__Labrys,0.1857,0.07375,0.323,0.2204,0.03249,0.08016,-0.2699,-0.0333,-0.1373
g__Massilia,0.3632,0.3485,0.1368,0.1235,0.1982,0.3046,0.04647,0.4242,0.2264
g__norank_f__norank_o__Microtrichales,0.1191,0.1255,0.3793,0.2091,0.00164,0.009821,-0.3845,-0.1453,-0.2601
g__norank_f__norank_o__Saccharimonadales,0.2546,0.1439,0.2435,0.1235,0.8182,0.8785,-0.08662,0.1112,0.01109
g__Kribbella,0.07316,0.1474,0.4173,0.548,0.001506,0.009561,-0.6428,-0.06998,-0.3441
g__Cohnella,0.04754,0.03759,0.4273,0.3115,1.4E-5,0.0009889,-0.5482,-0.2327,-0.3798
g__Devosia,0.1421,0.09568,0.332,0.07412,2.342E-5,0.001022,-0.2509,-0.1276,-0.1899
g__Marmoricola,0.1157,0.1148,0.3571,0.2255,0.00164,0.009821,-0.36,-0.1141,-0.2414
g__norank_f__SC-I-84,0.196,0.1382,0.2565,0.1329,0.2699,0.3892,-0.1574,0.04489,-0.06049
g__unclassified_f__Caulobacteraceae,0.318,0.1781,0.1128,0.09743,0.0008633,0.006933,0.1091,0.3146,0.2052
g__Dongia,0.08848,0.09588,0.3391,0.2219,0.0007299,0.006114,-0.3822,-0.1305,-0.2506
g__unclassified_f__Acetobacteraceae,0.2631,0.1242,0.1595,0.09146,0.01394,0.04187,0.02958,0.1851,0.1035
g__Edaphobaculum,0.23,0.1264,0.1849,0.09474,0.476,0.5791,-0.03751,0.1313,0.04517
g__Frankia,0.08267,0.04805,0.3183,0.2408,0.0001131,0.001978,-0.3702,-0.1349,-0.2356
g__Bdellovibrio,0.2694,0.1159,0.1313,0.04032,0.0003315,0.00391,0.07606,0.2047,0.1381
g__unclassified_f__Solirubrobacteraceae,0.2456,0.1564,0.1405,0.08675,0.01679,0.04876,0.01349,0.2015,0.1051
g__unclassified_f__Acidobacteriaceae_Subgroup_1,0.2892,0.1853,0.09217,0.09935,0.00542,0.02221,0.08663,0.2998,0.197
g__norank_f__Sporichthyaceae,0.1159,0.08005,0.2607,0.1118,0.002817,0.0144,-0.2171,-0.07605,-0.1447
g__Rhodomicrobium,0.174,0.1459,0.1999,0.1975,0.8361,0.8916,-0.1511,0.1006,-0.02588
g__norank_f__env.OPS_17,0.2356,0.5794,0.136,0.06033,0.01385,0.04187,-0.08954,0.4278,0.09955
g__unclassified_f__Isosphaeraceae,0.1754,0.1108,0.1902,0.08763,0.5347,0.6377,-0.0853,0.0597,-0.01478
g__FCPS473,0.3013,0.3529,0.0618,0.07319,0.1073,0.1942,0.0824,0.4336,0.2395
g__norank_f__Chitinophagaceae,0.1902,0.1438,0.1725,0.1084,0.6961,0.7609,-0.07844,0.1096,0.0177
g__norank_f__WWH38,0.2417,0.3926,0.1146,0.04766,0.3579,0.4551,-0.01874,0.3561,0.1271
g__Streptosporangium,0.08927,0.08099,0.2662,0.192,0.003258,0.01561,-0.2942,-0.08161,-0.1769
g__norank_f__BIrii41,0.09772,0.05057,0.2562,0.1138,3.199E-5,0.001144,-0.2253,-0.0988,-0.1585
g__Actinomadura,0.07289,0.1368,0.2792,0.318,0.005369,0.02212,-0.3908,-0.0478,-0.2062
g__unclassified_o__Acidobacteriales,0.2839,0.1776,0.06814,0.09595,0.0003668,0.004124,0.1178,0.3272,0.2158
g__Methylovirgula,0.1817,0.1397,0.1632,0.1879,0.476,0.5791,-0.1056,0.1331,0.0185
g__Iamia,0.0581,0.06156,0.2831,0.17,0.0001769,0.002401,-0.3172,-0.1344,-0.225
g__Lapillicoccus,0.0412,0.04114,0.2831,0.2094,0.00466,0.02037,-0.3526,-0.1379,-0.2419
g__Inquilinus,0.187,0.0676,0.1355,0.1258,0.1126,0.2009,-0.02588,0.1194,0.05151
g__Pseudomonas,0.224,0.1992,0.09772,0.06943,0.2699,0.3892,0.02826,0.2385,0.1263
g__Flavobacterium,0.1915,0.1553,0.1299,0.0718,0.5199,0.6242,-0.02352,0.1461,0.06154
g__Alicyclobacillus,0.02271,0.02989,0.2982,0.3337,6.675E-5,0.001382,-0.4577,-0.1344,-0.2755
g__Singulisphaera,0.127,0.06859,0.1939,0.09357,0.04803,0.1086,-0.1305,-0.009762,-0.0668
g__Microlunatus,0.08901,0.253,0.2311,0.1842,0.003441,0.01616,-0.2866,0.04913,-0.1421
g__norank_f__A4b,0.07131,0.07851,0.2485,0.1298,0.0003347,0.00391,-0.2525,-0.1009,-0.1772
g__norank_f__norank_o__Subgroup_7,0.1376,0.09931,0.1719,0.1135,0.5349,0.6377,-0.1123,0.04383,-0.03434
g__Tundrisphaera,0.1165,0.06937,0.1854,0.1626,0.223,0.3343,-0.1632,0.01452,-0.06893
g__unclassified_o__Saccharimonadales,0.1997,0.1464,0.1022,0.03893,0.01772,0.04944,0.03143,0.187,0.09746
g__Blastococcus,0.02377,0.049,0.2681,0.4339,0.0007096,0.00607,-0.4978,-0.07105,-0.2443
g__Ferruginibacter,0.1395,0.102,0.1521,0.09844,0.8004,0.8617,-0.08397,0.05867,-0.01265
g__unclassified_c__Alphaproteobacteria,0.09666,0.02815,0.1939,0.3147,0.5188,0.6242,-0.2808,0.01636,-0.09721
g__unclassified_f__Beijerinckiaceae,0.2329,0.1618,0.05573,0.03719,1.724E-5,0.0009889,0.1067,0.2681,0.1772
g__norank_f__norank_o__Chloroplast,0.01532,0.02338,0.2712,0.2806,5.846E-5,0.001353,-0.4176,-0.1276,-0.2559
g__norank_f__norank_o__SBR1031,0.1112,0.0622,0.1709,0.07607,0.02901,0.0746,-0.1117,-0.01005,-0.05969
g__norank_f__TRA3-20,0.07923,0.1184,0.2015,0.1226,0.007166,0.02696,-0.2026,-0.03064,-0.1223
g__Actinospica,0.2031,0.1303,0.07474,0.1147,0.00457,0.0202,0.04596,0.2139,0.1284
g__Subgroup_10,0.09746,0.07527,0.174,0.08568,0.03076,0.0776,-0.1381,-0.02034,-0.07659
g__norank_f__norank_o__norank_c__JG30-KF-CM66,0.206,0.124,0.06101,0.04152,0.001076,0.007913,0.0824,0.2145,0.145
g__Dyella,0.1748,0.1054,0.08927,0.1131,0.02424,0.06359,0.006088,0.172,0.08558
g__norank_f__norank_o__norank_c__MB-A2-108,0.1091,0.3764,0.1548,0.1638,0.02341,0.06183,-0.2086,0.1944,-0.0457
g__Ktedonobacter,0.108,0.06966,0.1558,0.2601,0.5971,0.6811,-0.2068,0.05915,-0.04779
g__Occallatibacter,0.2013,0.171,0.05467,0.05076,0.001017,0.007637,0.0671,0.2448,0.1466
g__Rhodovastum,0.1408,0.1542,0.1104,0.1131,0.2586,0.377,-0.06021,0.1321,0.03038
g__norank_f__norank_o__Subgroup_17,0.04965,0.1426,0.2005,0.2119,0.00345,0.01616,-0.2794,-0.01663,-0.1508
g__norank_f__A21b,0.1814,0.1042,0.0655,0.02895,0.002598,0.01382,0.06445,0.1709,0.1159
g__Rhodanobacter,0.1532,0.04558,0.09059,0.09597,0.006231,0.02448,0.000275,0.107,0.0626
g__Dactylosporangium,0.05203,0.04015,0.1915,0.07434,2.125E-5,0.0009889,-0.1857,-0.1006,-0.1394
g__norank_f__KF-JG30-B3,0.1492,0.07723,0.09349,0.04539,0.0842,0.1604,0.01321,0.1012,0.05573
g__norank_f__Roseiflexaceae,0.05045,0.05926,0.1896,0.1469,0.002795,0.01438,-0.2271,-0.05705,-0.1392
g__norank_f__norank_o__Rokubacteriales,0.1579,0.5708,0.0795,0.1301,0.1089,0.1952,-0.1276,0.4157,0.07845
g__norank_f__Obscuribacteraceae,0.1534,0.08077,0.08108,0.0584,0.0076,0.02756,0.02008,0.1234,0.07237
g__norank_f__Microscillaceae,0.03407,0.02998,0.197,0.1103,4.718E-5,0.001233,-0.2216,-0.1072,-0.1629
g__norank_f__norank_o__norank_c__Lineage_IIa,0.1637,0.1279,0.06339,0.02856,0.009988,0.03384,0.03909,0.1717,0.1004
g__Novosphingobium,0.04516,0.03101,0.1733,0.1219,1.907E-5,0.0009889,-0.2002,-0.06735,-0.1281
g__norank_f__Sandaracinaceae,0.05229,0.05534,0.1661,0.1027,0.001623,0.009821,-0.1735,-0.05387,-0.1138
g__Luedemannella,0.06312,0.0871,0.154,0.1267,0.03618,0.0868,-0.1693,-0.01556,-0.09085
g__Amycolatopsis,0.006603,0.01038,0.1999,0.3162,1.204E-5,0.0009889,-0.3851,-0.06736,-0.1933
g__norank_f__norank_o__C0119,0.03169,0.02193,0.1743,0.1157,0.0001465,0.002369,-0.2028,-0.0795,-0.1426
g__Candidatus_Koribacter,0.1453,0.08498,0.05705,0.05607,0.003004,0.01469,0.03382,0.1403,0.08823
g__norank_f__norank_o__norank_c__norank_p__RCP2-54,0.149,0.06535,0.04965,0.05615,0.0003937,0.004364,0.05361,0.1426,0.09932
g__Pedomicrobium,0.1043,0.2793,0.09191,0.07962,0.04772,0.1082,-0.09613,0.197,0.01239
g__Cellulomonas,0.03328,0.03812,0.1614,0.1283,0.0006621,0.005922,-0.1949,-0.06417,-0.1281
g__norank_f__norank_o__norank_c__Parcubacteria,0.1231,0.1532,0.07105,0.05458,0.2225,0.3342,-0.014,0.1537,0.05203
g__norank_f__Methyloligellaceae,0.09033,0.2001,0.1004,0.1021,0.1819,0.2835,-0.1062,0.1218,-0.01004
g__Lysinibacillus,0.007395,0.008822,0.1804,0.4572,0.0005683,0.005455,-0.4434,-0.01717,-0.173
g__MND1,0.05995,0.1234,0.1278,0.1068,0.01544,0.04585,-0.1426,0.02799,-0.06788
g__unclassified_f__Myxococcaceae,0.09798,0.06612,0.08848,0.04506,1,1,-0.02827,0.05598,0.009502
g__Acidocella,0.1212,0.09104,0.06471,0.103,0.04739,0.1078,-0.01164,0.121,0.05651
g__norank_f__Isosphaeraceae,0.07712,0.05219,0.108,0.0551,0.1021,0.1872,-0.06787,0.008451,-0.0309
g__Bauldia,0.07686,0.04494,0.1078,0.06687,0.2697,0.3892,-0.07053,0.01109,-0.03091
g__Aquicella,0.1302,0.07989,0.05203,0.03334,0.002054,0.0117,0.03565,0.1196,0.07818
g__Plot4-2H12,0.05995,0.04226,0.121,0.03273,0.0004326,0.00448,-0.08662,-0.03353,-0.061
g__norank_f__Pedosphaeraceae,0.1088,0.1189,0.06814,0.05983,0.1177,0.2077,-0.01478,0.1231,0.04068
g__unclassified_k__norank_d__Bacteria,0.07131,0.04462,0.1054,0.04255,0.01389,0.04187,-0.06364,-0.0005245,-0.03407
g__unclassified_f__Pseudonocardiaceae,0.06259,0.09898,0.1136,0.1721,0.1348,0.2327,-0.1651,0.03963,-0.05097
g__norank_f__norank_o__Rhodospirillales,0.107,0.0814,0.06629,0.05389,0.03228,0.07988,-0.01189,0.09324,0.04067
g__Sphaerisporangium,0.02219,0.01967,0.1511,0.07309,1.706E-5,0.0009889,-0.1664,-0.08848,-0.1289
g__norank_f__SM2D12,0.09693,0.04229,0.07606,0.05586,0.09276,0.1745,-0.02086,0.05309,0.02086
g__norank_f__norank_o__norank_c__Subgroup_5,0.07369,0.07045,0.09825,0.07121,0.2597,0.3778,-0.07526,0.02773,-0.02457
g__Chthoniobacter,0.07184,0.05944,0.09614,0.0577,0.1977,0.3045,-0.06894,0.01638,-0.0243
g__Phaselicystis,0.06207,0.046,0.1049,0.07661,0.1675,0.2642,-0.08927,0.001575,-0.04279
g__norank_f__Diplorickettsiaceae,0.1199,0.05878,0.04411,0.02746,0.0006127,0.005722,0.04331,0.1091,0.0758
g__Angustibacter,0.03486,0.04127,0.1278,0.1146,0.0009238,0.007344,-0.1646,-0.03988,-0.09297
g__norank_f__norank_o__norank_c__norank_p__Desulfobacterota,0.0927,0.0787,0.0684,0.04781,0.3115,0.4339,-0.01903,0.07236,0.02429
g__norank_f__URHD0088,0.1181,0.1213,0.04147,0.02529,0.01063,0.03486,0.02456,0.1503,0.0766
g__norank_f__norank_o__11-24,0.03671,0.0769,0.121,0.09977,0.001613,0.009821,-0.1461,-0.01691,-0.08425
g__Catenulispora,0.1249,0.05658,0.03143,0.04145,0.0001587,0.002396,0.0581,0.1289,0.09349
g__Candidatus_Alysiosphaera,0.02588,0.04076,0.1281,0.07197,0.0004692,0.004615,-0.145,-0.06153,-0.1022
g__unclassified_f__Oxalobacteraceae,0.07659,0.04617,0.07738,0.04174,0.6286,0.7065,-0.03249,0.0317,-0.0007881
g__norank_f__norank_o__S085,0.0375,0.07555,0.1154,0.08783,0.001072,0.007913,-0.1313,-0.01691,-0.07791
g__Hyphomicrobium,0.03645,0.05833,0.1157,0.07336,0.001006,0.007637,-0.1273,-0.02827,-0.07924
g__norank_f__Comamonadaceae,0.1064,0.05938,0.04147,0.0398,0.005006,0.02088,0.028,0.102,0.06498
g__unclassified_f__Ktedonobacteraceae,0.09244,0.05914,0.05467,0.06008,0.02283,0.06099,-0.009771,0.07845,0.03777
g__norank_f__norank_o__norank_c__bacteriap25,0.0898,0.2967,0.05652,0.07048,0.1395,0.237,-0.07291,0.2004,0.03325
g__Crossiella,0.06207,0.0921,0.08346,0.1138,0.3317,0.45,-0.09745,0.05466,-0.02139
g__TM7a,0.03354,0.02612,0.1117,0.113,0.001898,0.01098,-0.146,-0.0272,-0.07817
g__Luteibacter,0.03328,0.03649,0.1117,0.1614,0.1508,0.2542,-0.1711,-0.006609,-0.07844
g__Acidiphilium,0.06418,0.0683,0.07923,0.05486,0.3008,0.4234,-0.05705,0.0288,-0.01505
g__Legionella,0.09297,0.06056,0.04965,0.02536,0.009265,0.03198,0.01057,0.07527,0.04332
g__Microvirga,0.04305,0.1223,0.09561,0.07608,0.006355,0.02476,-0.1128,0.03196,-0.05256
g__Dokdonella,0.05045,0.04018,0.08821,0.06951,0.09267,0.1745,-0.08186,0.001056,-0.03776
g__mle1-7,0.05916,0.08644,0.07923,0.06214,0.2141,0.325,-0.06682,0.03618,-0.02007
g__unclassified_f__Chitinophagaceae,0.08478,0.04276,0.05256,0.01563,0.009131,0.03175,0.008978,0.05599,0.03222
g__Bosea,0.008187,0.009078,0.1289,0.2343,7.253E-5,0.001464,-0.2554,-0.04147,-0.1207
g__norank_f__Kineosporiaceae,0.02377,0.0246,0.113,0.1053,0.001275,0.008747,-0.1439,-0.04147,-0.08927
g__norank_f__Vermiphilaceae,0.1017,0.06938,0.03486,0.03619,0.001389,0.00893,0.02932,0.1075,0.06682
g__Anaeromyxobacter,0.08848,0.05674,0.04807,0.02307,0.01132,0.03649,0.01241,0.07526,0.0404
g__unclassified_o__Elsterales,0.04358,0.03571,0.08452,0.1263,0.629,0.7065,-0.1051,0.01875,-0.04094
g__unclassified_o__Frankiales,0.02509,0.04077,0.103,0.06305,0.0001751,0.002401,-0.1183,-0.04199,-0.07791
g__SWB02,0.03988,0.04224,0.08663,0.04282,0.004994,0.02088,-0.07659,-0.01664,-0.04675
g__Parafilimonas,0.08319,0.07918,0.04226,0.02739,0.4208,0.5199,-0.0005296,0.08558,0.04094
g__Clostridium_sensu_stricto_13,0.04754,0.04568,0.07738,0.1158,0.6953,0.7609,-0.1009,0.02377,-0.02984
g__norank_f__Microtrichaceae,0.04041,0.03539,0.08161,0.04318,0.01297,0.04019,-0.07078,-0.01162,-0.0412
g__norank_f__Myxococcaceae,0.04648,0.01906,0.07395,0.03567,0.01882,0.05175,-0.04779,-0.004752,-0.02746
g__Galbitalea,0.02958,0.0279,0.09006,0.09285,0.003962,0.01823,-0.1167,-0.01823,-0.06048
g__Ellin6055,0.0243,0.0277,0.09534,0.06583,0.0009931,0.007637,-0.1091,-0.03406,-0.07104
g__Terrimonas,0.03988,0.05992,0.07897,0.06343,0.06168,0.1345,-0.0824,0.008998,-0.03908
g__unclassified_c__Gammaproteobacteria,0.09482,0.04992,0.02298,0.03171,0.0001766,0.002401,0.04173,0.1033,0.07184
g__Friedmanniella,0.0309,0.03193,0.08531,0.08066,0.01646,0.04799,-0.09956,-0.01426,-0.0544
g__Arthrobacter,0.02113,0.0511,0.09402,0.2483,0.02297,0.06099,-0.2242,0.01717,-0.0729
g__norank_f__Elsteraceae,0.04675,0.01933,0.06761,0.03612,0.1014,0.1865,-0.04225,-0.001055,-0.02086
g__Nordella,0.02509,0.05229,0.08927,0.08398,0.01862,0.0516,-0.1128,-0.01426,-0.06417
g__Rhodococcus,0.07765,0.03304,0.03565,0.04134,0.001183,0.008393,0.01294,0.06814,0.04199
g__Acidicapsa,0.0486,0.02766,0.06444,0.1082,0.2493,0.3657,-0.07923,0.03142,-0.01585
g__Lysobacter,0.04014,0.04084,0.07263,0.05663,0.1534,0.2579,-0.06841,0.001846,-0.03249
g__Roseisolibacter,0.06075,0.04971,0.04965,0.04486,0.6122,0.6932,-0.0206,0.04464,0.01109
g__unclassified_f__Vicinamibacteraceae,0.00898,0.01677,0.1006,0.1132,0.005523,0.02241,-0.154,-0.0383,-0.09165
g__Kutzneria,0.01083,0.01109,0.09666,0.1976,0.0001698,0.002401,-0.1949,-0.02139,-0.08584
g__norank_f__norank_o__Rhizobiales,0.01849,0.0247,0.08663,0.06834,0.007032,0.02674,-0.1041,-0.03011,-0.06814
g__Pseudolabrys,0.06418,0.08048,0.0375,0.05186,0.1074,0.1942,-0.01691,0.08003,0.02668
g__JGI_0001001-H03,0.05124,0.07905,0.0486,0.02819,0.1606,0.2611,-0.03354,0.04701,0.002639
g__norank_f__AKYH767,0.03116,0.03537,0.06788,0.0614,0.08027,0.1541,-0.0692,-0.001331,-0.03672
g__Sporocytophaga,0.07052,0.05535,0.02615,0.01395,0.09303,0.1745,0.01638,0.07236,0.04437
g__norank_f__Magnetospirillaceae,0.02007,0.02581,0.0758,0.1197,0.8705,0.9217,-0.126,0.00185,-0.05573
g__Hirschia,0.03196,0.04008,0.06312,0.03257,0.01265,0.03966,-0.05652,-0.004755,-0.03116
g__Steroidobacter,0.02271,0.045,0.07025,0.07457,0.01954,0.05302,-0.09165,-0.0007908,-0.04754
g__Modestobacter,0.005282,0.009024,0.08716,0.1343,0.0001535,0.002369,-0.1611,-0.02905,-0.08188
g__Stenotrophobacter,0.03037,0.03813,0.0618,0.04624,0.02409,0.0634,-0.06074,0.003171,-0.03143
g__Starkeya,0.0007923,0.001574,0.09059,0.1678,2.727E-5,0.001022,-0.1801,-0.02694,-0.0898
g__norank_f__Rhodospirillaceae,0.04463,0.02268,0.04622,0.03153,0.6286,0.7065,-0.02271,0.01691,-0.001584
g__norank_f__Rhizobiaceae,0.01796,0.03385,0.07289,0.04874,0.006799,0.02623,-0.08424,-0.02324,-0.05493
g__IS-44,0.02773,0.05145,0.06207,0.04322,0.02846,0.07343,-0.06522,0.007933,-0.03432
g__Kibdelosporangium,0.007923,0.01255,0.08161,0.1273,0.01118,0.03621,-0.1421,-0.02034,-0.07369
g__Phyllobacterium,0.02086,0.0459,0.06788,0.08807,0.05412,0.1213,-0.1014,0.002119,-0.04701
g__Sphingopyxis,0.003433,0.00512,0.08504,0.224,0.0001122,0.001978,-0.2086,-0.01162,-0.08161
g__SM1A02,0.03116,0.03027,0.05626,0.03128,0.03056,0.07733,-0.0478,-0.004752,-0.02509
g__Sporichthya,0.008187,0.00742,0.07844,0.04677,5.496E-5,0.001311,-0.09586,-0.04727,-0.07025
g__Cytophaga,0.05018,0.03338,0.03592,0.03755,0.167,0.2639,-0.01215,0.04041,0.01426
g__Caenimonas,0.03143,0.03038,0.05414,0.03939,0.07161,0.1501,-0.04569,0.002904,-0.02271
g__norank_f__norank_o__norank_c__Sericytochromatia,0.0309,0.03341,0.05441,0.04778,0.03209,0.07966,-0.05415,0.003958,-0.02351
g__Tumebacillus,0.008452,0.009221,0.07659,0.07695,0.0004533,0.004574,-0.1152,-0.0309,-0.06815
g__norank_f__Anaerolineaceae,0.02377,0.04362,0.06022,0.05212,0.011,0.03591,-0.06972,-0.001587,-0.03644
g__norank_f__norank_o__CCD24,0.02403,0.03507,0.05969,0.0417,0.00497,0.02088,-0.0618,-0.007662,-0.03565
g__JG30a-KF-32,0.07237,0.1769,0.0103,0.01674,0.1903,0.2942,-0.0002652,0.1696,0.06207
g__unclassified_o__Solirubrobacterales,0.01637,0.03229,0.06603,0.04877,0.001218,0.008486,-0.07923,-0.0214,-0.04966
g__norank_f__norank_o__Chitinophagales,0.03381,0.02961,0.04384,0.03646,0.6285,0.7065,-0.03406,0.0132,-0.01003
g__Chryseolinea,0.02298,0.0276,0.05414,0.04774,0.03159,0.07893,-0.06074,-0.004752,-0.03116
g__norank_f__norank_o__norank_c__Gitt-GS-136,0.01637,0.05916,0.06075,0.1091,0.01894,0.05175,-0.1146,0.01374,-0.04437
g__norank_f__Beijerinckiaceae,0.02641,0.01885,0.04992,0.03875,0.1231,0.2162,-0.04542,-0.00185,-0.0235
g__P3OB-42,0.02219,0.01036,0.05388,0.02621,0.001366,0.00893,-0.04648,-0.01743,-0.03169
g__norank_f__Acidobacteriaceae_Subgroup_1,0.06365,0.07412,0.01215,0.01779,0.0007381,0.006114,0.0206,0.09244,0.0515
g__Rhizobacter,0.02509,0.0241,0.04728,0.03355,0.05577,0.1243,-0.04198,2.366E-6,-0.02218
g__Ramlibacter,0.02747,0.02486,0.04358,0.02839,0.1168,0.2065,-0.03618,0.00132,-0.01611
g__Kineosporia,0.01241,0.03403,0.05758,0.07824,0.005725,0.02299,-0.08874,-0.005546,-0.04516
g__norank_f__norank_o__Kapabacteriales,0.04833,0.08706,0.02113,0.01831,0.213,0.3242,-0.00528,0.08136,0.02721
g__unclassified_f__Xanthobacteraceae,0.03618,0.03101,0.03143,0.01646,0.9449,0.9902,-0.01215,0.02191,0.004752
g__norank_f__JG30-KF-AS9,0.04358,0.02817,0.02219,0.02756,0.01872,0.05169,-0.001844,0.04094,0.02139
g__Caulobacter,0.02403,0.02222,0.04173,0.02119,0.03613,0.0868,-0.03354,-0.001585,-0.0177
g__Actinomycetospora,0.002905,0.002965,0.06233,0.03798,6.194E-6,0.0009889,-0.07976,-0.04147,-0.05942
g__unclassified_c__Actinobacteria,0.01637,0.019,0.0486,0.0265,0.0007021,0.00607,-0.05018,-0.01664,-0.03222
g__unclassified_f__Propionibacteriaceae,0.01321,0.01708,0.05071,0.0334,0.005923,0.02366,-0.05493,-0.01901,-0.0375
g__1174-901-12,0.02852,0.03095,0.03539,0.03038,0.4891,0.5931,-0.0272,0.01532,-0.006865
g__Jeongeupia,0.05599,0.05156,0.006867,0.007925,0.04148,0.09601,0.02377,0.07368,0.04912
g__unclassified_f__Microscillaceae,0.02034,0.01658,0.04226,0.04413,0.3214,0.4437,-0.04516,9.882E-7,-0.02192
g__norank_f__A0839,0.02113,0.03887,0.0412,0.02315,0.004198,0.01899,-0.04041,0.005544,-0.02007
g__unclassified_f__Thermomonosporaceae,0.02615,0.0297,0.03565,0.03931,0.5793,0.6646,-0.03671,0.01426,-0.009509
g__unclassified_o__Polyangiales,0.02641,0.02208,0.03486,0.0185,0.2495,0.3657,-0.0235,0.007923,-0.008452
g__Afipia,0.0375,0.01703,0.02245,0.01605,0.008479,0.02992,0.002115,0.02615,0.01506
g__norank_f__norank_o__norank_c__norank_p__FCPU426,0.04912,0.06242,0.008452,0.012,0.0013,0.008747,0.01506,0.07447,0.04067
g__Limnobacter,0.01822,0.01975,0.03856,0.01683,0.007418,0.02741,-0.03328,-0.005545,-0.02034
g__norank_f__norank_o__mle1-27,0.01585,0.01432,0.04041,0.01975,0.001138,0.008291,-0.03697,-0.01136,-0.02456
g__norank_f__norank_o__DS-100,0.007395,0.01297,0.0486,0.03663,0.0004204,0.004436,-0.06048,-0.02007,-0.0412
g__Pelomonas,0.009772,0.01001,0.04622,0.0415,0.0001888,0.002477,-0.06234,-0.01796,-0.03645
g__norank_f__norank_o__JG36-TzT-191,0.02562,0.02114,0.02958,0.03011,1,1,-0.02271,0.01347,-0.003959
g__Methylobacterium-Methylorubrum,0.01215,0.01893,0.04279,0.03639,0.004978,0.02088,-0.05282,-0.008979,-0.03064
g__Nitrospira,0.04067,0.1332,0.01426,0.01879,0.2803,0.4004,-0.01717,0.1049,0.02641
g__TM7,0.01505,0.01468,0.03909,0.02473,0.005691,0.02297,-0.04067,-0.009507,-0.02403
g__unclassified_o__Burkholderiales,0.01849,0.02097,0.03539,0.05579,0.1006,0.1855,-0.05125,0.00581,-0.01691
g__Candidatus_Ovatusbacter,0.04569,0.03872,0.008187,0.007967,0.001296,0.008747,0.01796,0.05784,0.0375
g__Rudaea,0.04094,0.05238,0.01241,0.02359,0.09985,0.1845,0.001586,0.0581,0.02852
g__unclassified_f__Geodermatophilaceae,0.005018,0.01469,0.04807,0.0579,5.053E-5,0.001243,-0.07845,-0.01479,-0.04305
g__Flavisolibacter,0.01558,0.02659,0.03724,0.02761,0.007418,0.02741,-0.04067,-0.0008012,-0.02166
g__Adhaeribacter,0.01822,0.01531,0.03381,0.02204,0.05857,0.1288,-0.02985,-0.002116,-0.01558
g__Candidatus_Protochlamydia,0.03301,0.03446,0.01875,0.0108,0.5161,0.6242,-0.001056,0.03275,0.01426
g__norank_f__Symbiobacteraceae,0.002377,0.003434,0.0486,0.1139,0.01055,0.03473,-0.108,-0.008188,-0.04622
g__norank_f__Polyangiaceae,0.007395,0.01123,0.04358,0.03956,0.002183,0.01218,-0.05626,-0.01637,-0.03618
g__Ellin516,0.03724,0.03195,0.01347,0.02268,0.01838,0.05111,0.003435,0.04411,0.02377
g__Duganella,0.01373,0.01089,0.03671,0.05629,0.09622,0.1793,-0.05415,-0.001584,-0.02298
g__Nocardia,0.02192,0.02506,0.028,0.02019,0.1864,0.2899,-0.02113,0.01056,-0.006076
g__unclassified_f__Parachlamydiaceae,0.03565,0.04951,0.01426,0.01464,0.07173,0.1501,0.0005274,0.05098,0.02139
g__Neochlamydia,0.03724,0.02869,0.01241,0.01657,0.002926,0.01469,0.0103,0.04384,0.02483
g__Arenimonas,0.02562,0.03044,0.02377,0.02241,0.7464,0.8091,-0.01664,0.02165,0.001848
g__Shimazuella,0.003169,0.004779,0.04596,0.05826,0.0001248,0.002135,-0.07764,-0.01849,-0.04278
g__norank_f__norank_o__R7C24,0.0103,0.01162,0.03856,0.03219,0.004393,0.01964,-0.04569,-0.01268,-0.02826
g__norank_f__Blastocatellaceae,0.01664,0.02283,0.03196,0.02368,0.03352,0.08192,-0.03196,0.0007915,-0.01532
g__Sphingobium,0.003433,0.005516,0.04437,0.05105,0.0002067,0.002624,-0.06629,-0.01796,-0.04094
g__norank_f__norank_o__norank_c__S0134_terrestrial_group,0.00449,0.003886,0.04305,0.03375,0.0001275,0.002135,-0.05573,-0.02219,-0.03856
g__norank_f__Entotheonellaceae,0.03381,0.1254,0.01373,0.02129,0.02979,0.07587,-0.02351,0.09165,0.02007
g__norank_f__norank_o__Lineage_IV,0.03513,0.0236,0.01241,0.01101,0.004542,0.02019,0.01004,0.03592,0.02271
g__unclassified_f__Polyangiaceae,0.02932,0.01605,0.01796,0.01312,0.06467,0.1391,0.0005292,0.02219,0.01136
g__norank_f__norank_o__RBG-13-54-9,0.008187,0.01038,0.03882,0.0312,0.003266,0.01561,-0.0478,-0.01426,-0.03064
g__Nevskia,0.01743,0.02616,0.02932,0.04364,0.6105,0.6923,-0.04015,0.01479,-0.01188
g__norank_f__Propionibacteriaceae,0.01109,0.01436,0.03539,0.02669,0.006888,0.02644,-0.03935,-0.008187,-0.0243
g__norank_f__Xanthomonadaceae,0.03407,0.01925,0.01215,0.01317,0.002494,0.01344,0.009509,0.03381,0.02192
g__norank_f__norank_o__norank_c__Thermoleophilia,0.01585,0.05612,0.03037,0.02575,0.01387,0.04187,-0.03909,0.02193,-0.01452
g__Longimycelium,0.02747,0.06932,0.01822,0.03518,0.4232,0.5213,-0.02641,0.05335,0.009244
g__Agromyces,0.006339,0.009335,0.03935,0.03428,0.007536,0.02756,-0.05308,-0.01637,-0.03301
g__norank_f__Reyranellaceae,0.004226,0.006934,0.04094,0.03166,0.0001618,0.002396,-0.05414,-0.02087,-0.03671
g__norank_f__norank_o__norank_c__OLB14,0.01321,0.03163,0.03169,0.02034,0.0004467,0.004566,-0.03539,0.003165,-0.01849
g__norank_f__norank_o__norank_c__norank_p__Latescibacterota,0.01585,0.05824,0.02879,0.04115,0.02609,0.06799,-0.04411,0.02853,-0.01294
g__Acidisphaera,0.02668,0.04961,0.01796,0.02055,0.7793,0.8413,-0.01479,0.03935,0.008714
g__norank_f__norank_o__Oligoflexales,0.01822,0.008637,0.02641,0.01186,0.04505,0.1031,-0.01611,-0.001321,-0.008189
g__ADurb.Bin063-1,0.03196,0.02198,0.01241,0.01334,0.03317,0.08133,0.006867,0.03196,0.01954
g__norank_f__Caldilineaceae,0.01321,0.01751,0.03064,0.01585,0.004816,0.02083,-0.02905,-0.004754,-0.01743
g__norank_f__norank_o__B12-WMSP1,0.03935,0.06313,0.00449,0.005461,0.03473,0.08437,0.007924,0.06999,0.03487
g__1959-1,0.02298,0.01711,0.02086,0.02523,0.404,0.5023,-0.01453,0.01585,0.002114
g__Actinophytocola,0.0002641,0.0009882,0.04279,0.08745,0.0005202,0.005054,-0.08875,-0.006602,-0.04252
g__norank_f__norank_o__norank_c__OM190,0.01294,0.0359,0.02984,0.02949,0.01253,0.03957,-0.03856,0.008714,-0.0169
g__unclassified_p__Chloroflexi,0.01321,0.01102,0.02932,0.01975,0.03124,0.07829,-0.02773,-0.004489,-0.01611
g__Domibacillus,0.004754,0.005697,0.03777,0.1041,0.4745,0.5789,-0.09375,0.0005276,-0.03301
g__Stenotrophomonas,0.02271,0.07063,0.01928,0.01963,0.01715,0.04936,-0.02562,0.04357,0.003432
g__OM27_clade,0.006867,0.01471,0.03486,0.02907,0.001394,0.00893,-0.04437,-0.01057,-0.028
g__norank_f__norank_o__Frankiales,0.008716,0.01072,0.03249,0.02118,0.0006168,0.005722,-0.03486,-0.01268,-0.02377
g__Altererythrobacter,0.009244,0.01382,0.03196,0.02481,0.002597,0.01382,-0.03724,-0.008714,-0.02271
g__norank_f__norank_o__Candidatus_Jorgensenbacteria,0.03592,0.01663,0.005018,0.007891,1.852E-5,0.0009889,0.02192,0.04173,0.0309
g__Pedosphaera,0.02852,0.01682,0.01241,0.02144,0.001294,0.008747,0.001323,0.02906,0.01611
g__norank_f__norank_o__Candidatus_Kaiserbacteria,0.01664,0.01574,0.02403,0.01665,0.2479,0.3653,-0.01928,0.003962,-0.007395
g__norank_f__CWT_CU03-E12,0.0383,0.02447,0.001056,0.001733,2.632E-5,0.001022,0.02509,0.04939,0.03724
g__Serratia,0.002641,0.00702,0.03645,0.1037,0.003994,0.01828,-0.09058,-0.002113,-0.0338
g__unclassified_f__Streptosporangiaceae,0.0005282,0.001343,0.03856,0.1327,0.07753,0.1537,-0.1099,-0.0007923,-0.03804
g__norank_f__37-13,0.01822,0.01251,0.02086,0.01599,0.7461,0.8091,-0.01347,0.007397,-0.00264
g__norank_f__Saprospiraceae,0.01083,0.02459,0.028,0.02867,0.05536,0.1238,-0.03566,0.003696,-0.01717
g__norank_f__norank_o__norank_c__norank_p__SAR324_cladeMarine_group_B,0.01611,0.01042,0.02219,0.01548,0.3533,0.45,-0.01611,0.003168,-0.006076
g__unclassified_c__Acidimicrobiia,0.02852,0.0229,0.009772,0.007047,0.001703,0.009999,0.008451,0.0317,0.01875
g__unclassified_o__Microtrichales,0.01188,0.01362,0.02641,0.02766,0.1242,0.2177,-0.03196,0.0002626,-0.01453
g__Chryseobacterium,0.004226,0.006298,0.03381,0.08298,0.1145,0.2035,-0.07633,-1.134E-7,-0.02958
g__YC-ZSS-LKJ147,0.0002641,0.0009882,0.03777,0.05068,4.644E-5,0.001233,-0.06603,-0.01558,-0.0375
g__norank_f__norank_o__PLTA13,0.01532,0.05415,0.02245,0.0297,0.03562,0.08599,-0.03275,0.02853,-0.007126
g__Minicystis,0.01796,0.0115,0.01981,0.01573,1,1,-0.01215,0.007924,-0.001848
g__Vicinamibacter,0.005546,0.004971,0.03222,0.02636,0.0009749,0.007637,-0.0412,-0.01347,-0.02668
g__Rubrobacter,0.01453,0.05435,0.02271,0.02561,0.002714,0.01405,-0.03328,0.02906,-0.008185
g__Niastella,0.01241,0.01192,0.0243,0.02395,0.1792,0.2803,-0.02562,0.0007931,-0.01188
g__Coxiella,0.02852,0.01578,0.008187,0.007561,0.0006773,0.005922,0.01109,0.02958,0.02034
g__norank_f__Steroidobacteraceae,0.01532,0.0261,0.02086,0.02416,0.1871,0.2904,-0.02245,0.01241,-0.005548
g__norank_f__Simkaniaceae,0.02403,0.02292,0.01215,0.01118,0.2032,0.3111,-0.0005276,0.02509,0.01188
g__Aridibacter,0.007923,0.009821,0.028,0.02953,0.005015,0.02088,-0.03908,-0.006339,-0.02007
g__unclassified_p__Actinobacteriota,0.008716,0.01365,0.02668,0.02805,0.0684,0.1447,-0.0346,-0.001585,-0.01796
g__Virgisporangium,0.004754,0.008873,0.03064,0.02746,0.002139,0.01202,-0.03988,-0.0103,-0.02588
g__norank_f__norank_o__Blfdi19,0.01637,0.009367,0.01849,0.01521,1,1,-0.01083,0.006867,-0.002113
g__norank_f__norank_o__Armatimonadales,0.02456,0.01302,0.01004,0.006868,0.00264,0.01394,0.007131,0.02192,0.01453
g__Rhodoferax,0.006075,0.008532,0.028,0.009479,6.18E-5,0.001382,-0.028,-0.01558,-0.02192
g__norank_f__NS9_marine_group,0.006603,0.008602,0.02694,0.02295,0.003961,0.01823,-0.03301,-0.008188,-0.02034
g__Tardiphaga,0.01796,0.02849,0.01532,0.01034,0.3153,0.4385,-0.01004,0.02033,0.002638
g__Pseudorhodoplanes,0.01637,0.02283,0.0169,0.01696,0.694,0.7609,-0.01347,0.01479,-0.0005279
g__Microbacterium,0.006603,0.008098,0.02641,0.0195,0.001958,0.01125,-0.03064,-0.008979,-0.01981
g__norank_f__Devosiaceae,0.005546,0.007068,0.02668,0.02496,0.002878,0.01461,-0.03618,-0.009243,-0.02113
g__Aurantisolimonas,0.01188,0.01307,0.02007,0.01827,0.2786,0.3987,-0.0206,0.003169,-0.008187
g__norank_f__Moraxellaceae,0.002113,0.004281,0.02958,0.07192,0.002067,0.0117,-0.06946,-0.004225,-0.02747
g__norank_f__Rhizobiales_Incertae_Sedis,0.01083,0.01624,0.02086,0.02502,0.1397,0.237,-0.02404,0.005548,-0.01004
g__Sediminibacterium,0.007923,0.009713,0.02298,0.0159,0.005989,0.0238,-0.02562,-0.005545,-0.01505
g__norank_f__NS11-12_marine_group,0.004754,0.004903,0.02588,0.02223,0.0004227,0.004436,-0.03249,-0.01109,-0.02113
g__norank_f__norank_o__Subgroup_13,0.02535,0.03113,0.005018,0.007194,0.01361,0.04183,0.004754,0.03935,0.02033
g__norank_f__norank_o__norank_c__BD7-11,0.01849,0.02343,0.01136,0.00839,0.9445,0.9902,-0.003963,0.02113,0.007131
g__unclassified_f__Gemmatimonadaceae,0.00581,0.009479,0.02403,0.02665,0.007188,0.02696,-0.03354,-0.004754,-0.01822
g__unclassified_o__Chlamydiales,0.02298,0.02317,0.006339,0.006868,0.05264,0.1187,0.005547,0.02853,0.01664
g__norank_f__norank_o__norank_c__norank_p__Armatimonadota,0.003698,0.004586,0.02562,0.01489,4.859E-5,0.001233,-0.02984,-0.014,-0.02192
g__Ohtaekwangia,0.003433,0.004691,0.02562,0.027,0.0004212,0.004436,-0.03724,-0.009509,-0.02219
g__KD3-10,0.01056,0.007925,0.01849,0.01133,0.05736,0.1268,-0.01479,-0.00132,-0.007924
g__unclassified_f__Opitutaceae,0.01347,0.009794,0.01532,0.02061,0.6758,0.7491,-0.01453,0.007924,-0.001849
g__Ilumatobacter,0.01215,0.02398,0.01664,0.01714,0.2485,0.3655,-0.01849,0.014,-0.00449
g__Cryptosporangium,0.01136,0.01713,0.0169,0.01633,0.1032,0.1888,-0.0177,0.005812,-0.005545
g__Asticcacaulis,0.01162,0.008923,0.01637,0.01335,0.4595,0.5624,-0.01241,0.003699,-0.004753
g__Pantoea,0.004754,0.00702,0.02298,0.02702,0.03445,0.08394,-0.03381,-0.004755,-0.01822
g__norank_f__norank_o__Subgroup_15,0.02456,0.01525,0.003169,0.006463,3.38E-5,0.001157,0.01347,0.03037,0.02139
g__unclassified_f__Pedosphaeraceae,0.02219,0.01829,0.005282,0.007635,0.00298,0.01469,0.007395,0.0272,0.0169
g__Acidibacillus,0.001849,0.003478,0.02535,0.05328,0.1716,0.2696,-0.05732,-0.003434,-0.02351
g__norank_f__AB1,0.02562,0.02455,0.001321,0.001839,0.01378,0.04187,0.01241,0.03671,0.0243
g__norank_f__Micavibrionaceae,0.02086,0.06961,0.006075,0.005543,0.1924,0.2968,-0.006601,0.05361,0.01479
g__Amaricoccus,0.003698,0.006486,0.02298,0.02103,0.002202,0.0122,-0.03037,-0.008452,-0.01928
g__norank_f__AKYG1722,0.003433,0.006874,0.02298,0.01686,0.002986,0.01469,-0.02958,-0.01057,-0.01955
g__Cupriavidus,0.00898,0.008667,0.01743,0.02924,0.9066,0.9538,-0.02376,0.004492,-0.008448
g__Chthonomonas,0.01056,0.01168,0.01585,0.0103,0.1052,0.1922,-0.01268,0.003434,-0.005283
g__unclassified_o__Chitinophagales,0.01294,0.01884,0.01268,0.01311,0.3967,0.4948,-0.01083,0.01241,0.0002639
g__Alcaligenes,0.02535,0.01296,0.0002641,0.0009882,2.576E-6,0.0009889,0.01875,0.03143,0.02509
g__Opitutus,0.003962,0.003962,0.02139,0.01206,0.0001506,0.002369,-0.02377,-0.01109,-0.01743
g__unclassified_f__Planococcaceae,0.007131,0.008877,0.01822,0.0141,0.01763,0.04936,-0.02007,-0.00317,-0.01109
g__possible_genus_04,0.002905,0.003605,0.02219,0.01852,0.0002901,0.003624,-0.03011,-0.01057,-0.01928
g__unclassified_f__Burkholderiaceae,0.002377,0.007891,0.02245,0.04671,0.08893,0.169,-0.04834,0.0007923,-0.02007
g__norank_f__WX65,0.0206,0.07602,0.004226,0.007516,0.1333,0.2306,-0.007394,0.05916,0.01637
g__norank_f__Micromonosporaceae,0.006075,0.02273,0.01822,0.03212,0.01165,0.03728,-0.03248,0.00713,-0.01215
g__norank_f__norank_o__norank_c__Lineage_IIb,0.009244,0.008672,0.01479,0.008331,0.09083,0.1718,-0.01162,0.0002645,-0.005547
g__unclassified_o__Babeliales,0.01849,0.0188,0.005282,0.006439,0.02963,0.07571,0.003961,0.02271,0.01321
g__Noviherbaspirillum,0.007131,0.005885,0.01664,0.009371,0.01048,0.03468,-0.01506,-0.004225,-0.009509
g__norank_f__norank_o__norank_c__norank_p__WS2,0.003698,0.005617,0.02007,0.01821,0.002982,0.01469,-0.02694,-0.006603,-0.01637
g__Phreatobacter,0.006867,0.008805,0.0169,0.007496,0.003272,0.01561,-0.01611,-0.003961,-0.01004
g__norank_f__Holosporaceae,0.01453,0.01341,0.00898,0.008167,0.3061,0.4276,-0.002113,0.01347,0.005546
g__Terriglobus,0.002377,0.002342,0.02113,0.02225,0.0352,0.08523,-0.02958,-0.007659,-0.01875
g__unclassified_o__Rhizobiales,0.0177,0.01241,0.005282,0.009367,0.01448,0.04316,0.004754,0.01954,0.01241
g__norank_f__Nitrosomonadaceae,0.008187,0.007131,0.01479,0.006646,0.01567,0.04618,-0.01109,-0.001585,-0.006604
g__Pedobacter,0.008452,0.01268,0.01426,0.01527,0.189,0.2928,-0.01558,0.004225,-0.005811
g__Achromobacter,0.02139,0.00953,0.001321,0.003113,3.88E-6,0.0009889,0.01479,0.02509,0.02007
g__Oligoflexus,0.006075,0.007047,0.01637,0.0206,0.1158,0.2052,-0.02219,-0.0005287,-0.0103
g__Psychroglaciecola,0.007395,0.007395,0.01479,0.03233,0.8497,0.9037,-0.02667,0.004755,-0.007393
g__norank_f__norank_o__norank_c__WWE3,0.01822,0.02455,0.003433,0.005703,0.001549,0.009753,0.004225,0.02931,0.01479
g__norank_f__norank_o__norank_c__Subgroup_22,0.007395,0.02767,0.014,0.01623,0.002686,0.014,-0.0206,0.01161,-0.006605
g__Luteitalea,0.003433,0.004219,0.01796,0.01929,0.07994,0.1541,-0.02456,-0.005019,-0.01453
g__norank_f__norank_o__norank_c__norank_p__MBNT15,0.007131,0.02158,0.01426,0.01359,0.006999,0.02674,-0.01822,0.006077,-0.00713
g__Pullulanibacillus,0.001321,0.004,0.02007,0.04613,0.03766,0.08813,-0.04569,-0.001585,-0.01875
g__Psychrobacillus,0.005018,0.01261,0.01637,0.03252,0.3163,0.439,-0.03116,0.004491,-0.01136
g__Sporosarcina,0.01136,0.0126,0.009508,0.0246,0.1389,0.2366,-0.01268,0.014,0.001849
g__norank_f__UBA12409,0.01585,0.01173,0.005018,0.008775,0.002674,0.014,0.003171,0.01822,0.01083
g__Oryzihumus,0.0007923,0.001574,0.01981,0.03089,0.002427,0.01318,-0.03803,-0.006339,-0.01901
g__Segetibacter,0.007395,0.0188,0.01294,0.01607,0.05846,0.1288,-0.01769,0.007131,-0.005546
g__norank_f__norank_o__norank_c__Planctomycetes,0.002905,0.0033,0.01717,0.01042,0.0008612,0.006933,-0.01954,-0.008716,-0.01426
g__Actinocorallia,0.003433,0.006874,0.01664,0.0113,0.0008466,0.006933,-0.02007,-0.006603,-0.01321
g__Flavitalea,0.003962,0.004691,0.01611,0.01504,0.01988,0.05377,-0.02166,-0.00449,-0.01215
g__Solitalea,0.007659,0.01749,0.01241,0.01483,0.2856,0.4065,-0.01558,0.00766,-0.004754
g__Micromonospora,0.0103,0.008723,0.009244,0.009916,0.5747,0.6642,-0.006073,0.007133,0.001057
g__norank_f__norank_o__KI89A_clade,0.009244,0.01961,0.0103,0.01048,0.1299,0.2259,-0.01056,0.01056,-0.001057
g__Nannocystis,0.001585,0.003149,0.0177,0.0192,0.0003487,0.003978,-0.02667,-0.006603,-0.01611
g__norank_f__norank_o__KF-JG30-C25,0.01136,0.008877,0.007923,0.01709,0.02248,0.06039,-0.007394,0.01241,0.003434
g__Acinetobacter,0.0005282,0.001343,0.0177,0.02303,0.001616,0.009821,-0.02985,-0.006868,-0.01717
g__norank_f__norank_o__norank_c__norank_p__NB1-j,0.01136,0.04144,0.006867,0.009713,0.006612,0.02563,-0.0103,0.02932,0.00449
g__norank_f__norank_o__norank_c__Pla4_lineage,0.002905,0.003886,0.01532,0.0142,0.004943,0.02088,-0.02034,-0.005547,-0.01241
g__unclassified_c__Polyangia,0.002641,0.005315,0.01505,0.0165,0.01385,0.04187,-0.02139,-0.004226,-0.01241
g__norank_f__Methylacidiphilaceae,0.009508,0.009367,0.007923,0.01238,0.2647,0.3843,-0.007132,0.00898,0.001585
g__unclassified_f__Nocardioidaceae,0.001849,0.004971,0.01558,0.02805,0.03908,0.09071,-0.03169,-0.00132,-0.01373
g__Lacunisphaera,0.002377,0.003113,0.01505,0.009226,0.0001857,0.002477,-0.0177,-0.007661,-0.01268
g__Blastocatella,0.002905,0.004394,0.014,0.01783,0.005154,0.02135,-0.02218,-0.003169,-0.01109
g__Aetherobacter,0.004754,0.006868,0.01215,0.01251,0.111,0.1985,-0.01479,-0.000265,-0.007395
g__norank_f__norank_o__norank_c__BD2-11_terrestrial_group,0.0007923,0.002965,0.01611,0.01986,0.0003208,0.003885,-0.02509,-0.005548,-0.01532
g__Chitinophaga,0.001585,0.003467,0.01505,0.02644,0.0189,0.05175,-0.02905,-0.002377,-0.01347
g__unclassified_o__Micrococcales,0.001849,0.002405,0.01453,0.01317,0.0006424,0.005879,-0.0206,-0.006602,-0.01268
g__norank_f__cvE6,0.01347,0.01433,0.002905,0.004849,0.01297,0.04019,0.002906,0.01902,0.01057
g__Anaerocolumna,0.002113,0.001899,0.014,0.01864,0.1801,0.2812,-0.02271,-0.003698,-0.01189
g__norank_f__Fimbriimonadaceae,0.01188,0.009962,0.004226,0.004779,0.01002,0.03384,0.002378,0.01373,0.00766
g__unclassified_f__Blastocatellaceae,0.002377,0.005149,0.01347,0.02008,0.02302,0.06099,-0.02298,-0.001849,-0.01109
g__OM60NOR5_clade,0.003698,0.006802,0.01188,0.01068,0.01948,0.05302,-0.01479,-0.001848,-0.008188
g__Kaistia,0.003962,0.006061,0.01109,0.02041,0.3417,0.45,-0.01928,0.002113,-0.007131
g__Geobacillus,0,0,0.01505,0.01694,6.534E-5,0.001382,-0.02403,-0.007922,-0.01505
g__norank_f__norank_o__norank_c__vadinHA49,0.003962,0.003962,0.01083,0.009226,0.06644,0.1417,-0.01189,-0.001849,-0.006868
g__norank_f__norank_o__0319-7L14,0.002377,0.005543,0.01241,0.02739,0.07582,0.1537,-0.02772,0.0005285,-0.01003
g__norank_f__AKIW781,0.002905,0.003605,0.01188,0.008843,0.001156,0.008344,-0.01453,-0.004226,-0.00898
g__unclassified_f__Xanthomonadaceae,0.001585,0.002389,0.01294,0.01781,0.006159,0.02436,-0.02113,-0.003962,-0.01136
g__Acidisoma,0.003962,0.005885,0.01056,0.01873,0.4448,0.5469,-0.01796,0.002113,-0.006603
g__unclassified_c__Bacteroidia,0.01136,0.02263,0.002641,0.009882,0.08388,0.1602,-0.003171,0.02298,0.008715
g__norank_f__Sutterellaceae,0.005018,0.01032,0.00898,0.01202,0.1209,0.2128,-0.01189,0.003698,-0.003962
g__Peredibacter,0.003433,0.005516,0.01056,0.01141,0.1272,0.2224,-0.01321,-0.0007931,-0.007131
g__Acidicaldus,0.01004,0.007456,0.003698,0.01178,0.007399,0.02741,-0.0007923,0.01215,0.006339
g__Collimonas,0.01347,0.009355,0.0002641,0.0009882,4.111E-5,0.001233,0.008451,0.01796,0.01321
g__Candidatus_Berkiella,0.009508,0.01073,0.004226,0.005399,0.08019,0.1541,-0.0005288,0.01188,0.005282
g__1921-2,0.01373,0.03488,0,0,0.03785,0.08813,0.0002641,0.03459,0.01373
g__Sandaracinus,0.001321,0.003113,0.01215,0.009988,0.0004675,0.004615,-0.01664,-0.005811,-0.01083
g__norank_f__norank_o__norank_c__Subgroup_25,0.008716,0.03261,0.004754,0.007168,0.05694,0.1262,-0.00766,0.02377,0.00396
g__unclassified_o__Myxococcales,0.01004,0.009447,0.003169,0.006463,0.0219,0.05903,0.001319,0.01294,0.006866
g__norank_f__KD3-93,0.004754,0.00421,0.008452,0.007168,0.1439,0.243,-0.007658,0.0005287,-0.003697
g__unclassified_f__Sphingomonadaceae,0.005546,0.006917,0.007659,0.008263,0.5537,0.6533,-0.007394,0.003171,-0.002112
g__norank_f__norank_o__PeM15,0.0007923,0.001574,0.01215,0.01489,0.0006697,0.005922,-0.02034,-0.004754,-0.01136
g__Roseimicrobium,0.005282,0.006439,0.007131,0.007025,0.3809,0.4796,-0.007132,0.002905,-0.001849
g__Dinghuibacter,0.008187,0.008843,0.003962,0.005516,0.1735,0.272,-0.001055,0.009772,0.004227
g__norank_f__Babeliaceae,0.007131,0.006232,0.005018,0.004941,0.3922,0.4907,-0.001847,0.005811,0.002113
g__Paludibaculum,0.005282,0.007354,0.006603,0.007561,0.6268,0.7065,-0.006603,0.004226,-0.00132
g__norank_f__Mitochondria,0.001585,0.003149,0.0103,0.0187,0.1566,0.2611,-0.01955,-0.0005292,-0.008716
g__norank_f__norank_o__Subgroup_12,0.007659,0.007738,0.004226,0.00559,0.232,0.3458,-0.00132,0.008716,0.003434
g__norank_f__Oxalobacteraceae,0.007131,0.007173,0.004754,0.005878,0.3719,0.4698,-0.001849,0.007133,0.002377
g__Polyangium,0.002641,0.004453,0.00898,0.01335,0.2407,0.357,-0.01426,0.0002647,-0.006338
g__Sorangium,0.001321,0.002342,0.0103,0.01459,0.09981,0.1845,-0.01637,-0.002377,-0.00898
g__unclassified_p__Patescibacteria,0.005546,0.007215,0.006075,0.006422,0.6827,0.7525,-0.005283,0.003962,-0.000528
g__Fluviicola,0,0,0.01162,0.01229,0.0001924,0.002483,-0.01849,-0.00581,-0.01162
g__FFCH7168,0.003433,0.006061,0.008187,0.005061,0.007563,0.02756,-0.008451,-0.0005266,-0.004753
g__Taibaiella,0.005282,0.005563,0.006075,0.01357,0.2199,0.3309,-0.008715,0.00581,-0.0007924
g__norank_f__Parachlamydiaceae,0.007395,0.009172,0.003698,0.004102,0.402,0.5006,-0.001056,0.008981,0.003698
g__IMCC26207,0.003433,0.005516,0.007659,0.00839,0.218,0.3286,-0.009243,0.0005299,-0.004225
g__Uliginosibacterium,0.003433,0.006398,0.007659,0.009111,0.0794,0.1537,-0.01056,0.001057,-0.004225
g__Promicromonospora,0,0,0.01109,0.03943,0.1649,0.2611,-0.03275,0,-0.01109
g__JCM_18997,0.0007923,0.001574,0.01004,0.01475,0.02757,0.07161,-0.01769,-0.002641,-0.009244
g__norank_f__norank_o__norank_c__AT-s3-28,0.003169,0.008923,0.007659,0.01191,0.06377,0.1375,-0.01215,0.00317,-0.004489
g__norank_f__Acidimicrobiaceae,0.00898,0.01404,0.001585,0.005929,0.009157,0.03175,-2.934E-7,0.01505,0.007395
g__Roseococcus,0.0005282,0.001343,0.009772,0.009127,0.0009999,0.007637,-0.01453,-0.004754,-0.009244
g__JTB255_marine_benthic_group,0.002905,0.01087,0.007395,0.01142,0.01257,0.03957,-0.01241,0.003433,-0.00449
g__Bordetella,0.001585,0.003467,0.008452,0.009882,0.01136,0.03649,-0.01241,-0.001849,-0.006867
g__unclassified_c__Bacilli,0.002641,0.003052,0.007395,0.0116,0.2151,0.325,-0.01162,2.185E-7,-0.004754
g__norank_f__norank_o__norank_c__Subgroup_11,0.007131,0.02564,0.002641,0.005315,0.423,0.5213,-0.00449,0.02034,0.00449
g__norank_f__norank_o__norank_c__Dojkabacteria,0.007923,0.007791,0.001849,0.003768,0.007195,0.02696,0.001849,0.01057,0.006075
g__unclassified_f__Chthoniobacteraceae,0.006867,0.006129,0.002905,0.003605,0.06864,0.1448,0.0002648,0.007923,0.003962
g__unclassified_f__Streptomycetaceae,0.001056,0.001733,0.008716,0.01916,0.03039,0.07716,-0.01902,-0.001056,-0.007659
g__norank_f__norank_o__Micavibrionales,0.001849,0.002808,0.007659,0.0109,0.005479,0.02234,-0.01268,-0.001321,-0.00581
g__norank_f__norank_o__Zavarziniales,0.00581,0.009024,0.003698,0.005229,0.7985,0.8608,-0.003168,0.007659,0.002113
g__HSB_OF53-F07,0.009244,0.01727,0,0,0.01759,0.04936,0.001849,0.01954,0.009244
g__unclassified_f__Rhizobiaceae,0.002113,0.004281,0.006867,0.005955,0.01049,0.03468,-0.008187,-0.001056,-0.004754
g__norank_f__norank_o__Vampirovibrionales,0.004226,0.006129,0.004754,0.005509,0.5749,0.6642,-0.004754,0.003698,-0.000528
g__norank_f__Sphingobacteriaceae,0.002641,0.003379,0.006339,0.00851,0.3638,0.4618,-0.008716,0.0007924,-0.003697
g__AAP99,0.002905,0.005461,0.006075,0.006896,0.1141,0.2031,-0.007659,0.001585,-0.003169
g__Rhizocola,0.002905,0.008961,0.006075,0.006741,0.03644,0.08716,-0.008451,0.00317,-0.003169
g__Ideonella,0.001056,0.00226,0.007923,0.007084,0.001841,0.01073,-0.01057,-0.003433,-0.006867
g__Archangium,0.001321,0.002342,0.007395,0.006802,0.01412,0.04224,-0.009508,-0.002377,-0.006074
g__norank_f__Parvibaculaceae,0.003169,0.00351,0.005546,0.0083,0.9003,0.9485,-0.006868,0.001849,-0.002377
g__unclassified_o__Sphingobacteriales,0.004754,0.006393,0.003698,0.00894,0.2289,0.3419,-0.005282,0.006075,0.001057
g__Allocatelliglobosispora,0.003169,0.004316,0.005282,0.007063,0.473,0.5781,-0.006074,0.001584,-0.002113
g__Luteolibacter,0.005018,0.006086,0.003433,0.005322,0.4585,0.5624,-0.002113,0.005546,0.001585
g__norank_f__Azospirillaceae,0.001585,0.002795,0.006603,0.00565,0.009476,0.03229,-0.008451,-0.001849,-0.005018
g__unclassified_f__Ilumatobacteraceae,0.002113,0.004028,0.006075,0.005149,0.009395,0.03227,-0.007396,-0.0007932,-0.003962
g__Patulibacter,0.0005282,0.001343,0.007659,0.005322,0.0001064,0.001978,-0.01004,-0.004226,-0.007131
g__unclassified_c__Parcubacteria,0.005282,0.006274,0.002905,0.006011,0.1304,0.2261,-0.00185,0.006604,0.002377
g__Pseudoflavitalea,0.002905,0.007834,0.005282,0.005749,0.09658,0.1793,-0.006602,0.002377,-0.002377
g__Candidatus_Captivus,0.004226,0.005955,0.003698,0.004351,1,1,-0.003168,0.004491,0.0005288
g__Ahniella,0.001585,0.002795,0.006339,0.01109,0.4879,0.5925,-0.01109,0.0005283,-0.004755
g__GOUTA6,0.006075,0.0196,0.001849,0.003161,0.758,0.8205,-0.002376,0.01558,0.004226
g__Herpetosiphon,0.0002641,0.0009882,0.007659,0.01146,0.01032,0.03441,-0.014,-0.002376,-0.007395
g__Candidatus_Obscuribacter,0.001056,0.002685,0.006867,0.01064,0.04298,0.09901,-0.01189,-0.0007926,-0.005811
g__Brevundimonas,0.002905,0.00565,0.005018,0.01072,0.4161,0.5156,-0.009243,0.003434,-0.002113
g__OLB13,0.0002641,0.0009882,0.007395,0.01734,0.13,0.2259,-0.01796,-0.0002641,-0.007131
g__norank_f__norank_o__norank_c__Subgroup_18,0.002377,0.008894,0.005282,0.006758,0.05641,0.1254,-0.007923,0.00317,-0.002905
g__Filimonas,0.00449,0.006011,0.003169,0.004065,0.6748,0.749,-0.002112,0.005283,0.001321
g__norank_f__norank_o__MVP-88,0,0,0.007659,0.01164,0.003369,0.01597,-0.01347,-0.002377,-0.007659
g__Romboutsia,0.003433,0.003962,0.004226,0.004553,0.68,0.7506,-0.003962,0.002376,-0.0007924
g__norank_f__Verrucomicrobiaceae,0.0007923,0.002141,0.006603,0.004148,0.0001103,0.001978,-0.008187,-0.003433,-0.00581
g__norank_f__norank_o__Elev-16S-1166,0.002905,0.00683,0.00449,0.004394,0.07344,0.1525,-0.005281,0.002643,-0.001584
g__Parasegetibacter,0.003169,0.00351,0.004226,0.005399,0.8255,0.8815,-0.004489,0.002113,-0.001056
g__Panacagrimonas,0.0005282,0.001343,0.006603,0.009307,0.004998,0.02088,-0.01136,-0.001849,-0.006075
g__norank_f__Burkholderiaceae,0.006867,0.008439,0.0002641,0.0009882,0.001667,0.009865,0.002641,0.01109,0.006603
g__norank_f__norank_o__S-BQ2-57_soil_group,0.004754,0.004903,0.002377,0.005149,0.08293,0.1588,-0.001322,0.00581,0.002377
g__norank_f__norank_o__norank_c__Berkelbacteria,0.002377,0.002754,0.004754,0.007168,0.8206,0.8786,-0.006339,0.001321,-0.002377
g__AKYG587,0.003698,0.01383,0.003433,0.004219,0.02837,0.07343,-0.005017,0.008188,0.0002647
g__Candidatus_Soleaferrea,0.003169,0.004553,0.003698,0.006153,0.9799,1,-0.004227,0.003432,-0.0005287
g__Nitrosospira,0.001585,0.004028,0.005282,0.008038,0.0625,0.1359,-0.008715,0.0005281,-0.003697
g__norank_f__Amb-16S-1323,0.003169,0.006129,0.003698,0.005617,0.6948,0.7609,-0.004754,0.003698,-0.0005279
g__Endobacter,0.004226,0.01382,0.002641,0.006714,1,1,-0.004755,0.0103,0.001585
g__Paenarthrobacter,0.002641,0.00421,0.004226,0.008923,1,1,-0.006867,0.002641,-0.001585
g__Dyadobacter,0.0002641,0.0009882,0.006339,0.01268,0.05893,0.1288,-0.01347,-0.0007924,-0.006075
g__Tahibacter,0.001849,0.004037,0.004754,0.005315,0.1063,0.1931,-0.006074,0.0007925,-0.002905
g__Pseudoxanthomonas,0.002113,0.004028,0.00449,0.006982,0.2812,0.4009,-0.006602,0.001321,-0.002377
g__Demequina,0.00449,0.006184,0.002113,0.003467,0.3047,0.4276,-0.00132,0.006076,0.002378
g__norank_f__WD2101_soil_group,0.002905,0.004849,0.003698,0.007251,1,1,-0.005546,0.003433,-0.0007921
g__Deinococcus,0.002377,0.004,0.004226,0.008684,0.9557,1,-0.00713,0.002905,-0.001849
g__Sumerlaea,0.002377,0.003728,0.004226,0.005399,0.3703,0.4685,-0.005017,0.001585,-0.001848
g__norank_f__Latescibacteraceae,0.003169,0.01084,0.003433,0.006719,0.4051,0.5029,-0.006075,0.006602,-0.0002647
g__norank_f__B1-7BS,0.004754,0.01779,0.001585,0.002389,0.1086,0.1952,-0.002377,0.01373,0.003169
g__Azospirillum,0,0,0.006339,0.01164,0.00135,0.00893,-0.01294,-0.001849,-0.006338
g__norank_f__Fibrobacteraceae,0,0,0.006339,0.007313,0.001373,0.00893,-0.0103,-0.002905,-0.006339
g__norank_f__norank_o__PB19,0.0007923,0.002141,0.005282,0.006104,0.01559,0.04613,-0.007924,-0.001584,-0.00449
g__Skermanella,0.001056,0.003953,0.005018,0.0121,0.1687,0.2656,-0.01136,0.00132,-0.003962
g__Micropruina,0.001321,0.003113,0.00449,0.005461,0.09012,0.1709,-0.006338,1.449E-8,-0.003169
g__unclassified_f__Solimonadaceae,0.002113,0.003149,0.003698,0.008075,1,1,-0.006866,0.002113,-0.001585
g__Cellvibrio,0.0005282,0.001976,0.005282,0.01279,0.07822,0.1537,-0.01215,-4.238E-8,-0.004754
g__Pandoraea,0.005282,0.007772,0.0005282,0.001976,0.03183,0.07928,0.001057,0.009245,0.004755
g__norank_f__norank_o__Azospirillales,0.005282,0.01976,0.0005282,0.001976,1,1,-0.001056,0.01585,0.004754
g__Solibacillus,0.003433,0.004691,0.002377,0.004495,0.3733,0.4709,-0.002113,0.00449,0.001056
g__unclassified_p__Acidobacteriota,0.002905,0.006184,0.002641,0.003052,0.3196,0.4428,-0.002905,0.003962,0.0002642
g__Vulgatibacter,0.003962,0.007738,0.001321,0.001839,0.3323,0.45,-0.0005283,0.007131,0.002641
g__norank_f__Geminicoccaceae,0.003698,0.01383,0.001585,0.005929,1,1,-0.004755,0.01109,0.002113
g__norank_f__norank_o__Bacteroidetes_VC2.1_Bac22,0.0007923,0.001574,0.00449,0.007967,0.1631,0.2611,-0.008188,-0.0002641,-0.003697
g__Hydrogenispora,0.0002641,0.0009882,0.005018,0.01062,0.1299,0.2259,-0.01109,-0.0005282,-0.004754
g__Thermosporothrix,0.004226,0.004779,0.001056,0.003052,0.0257,0.0672,0.0002646,0.006074,0.003169
g__norank_f__norank_o__norank_c__SJA-28,0.0002641,0.0009882,0.004754,0.005878,0.01025,0.03434,-0.007659,-0.001848,-0.00449
g__DEV008,0.001849,0.003478,0.003169,0.004065,0.2149,0.325,-0.004226,0.00132,-0.001321
g__norank_f__Chlamydiaceae,0.003169,0.006934,0.001849,0.004971,0.4179,0.5171,-0.00317,0.00581,0.00132
g__norank_f__norank_o__norank_c__Anaerolineae,0.002377,0.00535,0.002641,0.003379,0.246,0.3632,-0.002905,0.003169,-0.0002641
g__norank_f__Coleofasciculaceae,0.005018,0.01878,0,0,0.3531,0.45,0,0.01505,0.005018
g__Candidatus_Paracaedibacter,0.002377,0.003113,0.002377,0.002342,0.8202,0.8786,-0.001849,0.002113,-1.293E-7
g__Parviterribacter,0,0,0.004754,0.00899,0.007868,0.02815,-0.009772,-0.00132,-0.004754
g__Methyloversatilis,0.004754,0.01155,0,0,0.07946,0.1537,0,0.01083,0.004754
g__norank_f__norank_o__Chthonomonadales,0.001849,0.003161,0.002905,0.003605,0.3938,0.4919,-0.003433,0.00132,-0.001056
g__alphaI_cluster,0.003698,0.00858,0.001056,0.003052,0.5587,0.6563,-0.00132,0.007923,0.002641
g__norank_f__UBA12411,0.004226,0.006934,0.0002641,0.0009882,0.01194,0.03806,0.001056,0.007923,0.003962
g__Micropepsis,0.0002641,0.0009882,0.004226,0.00927,0.1385,0.2365,-0.009771,0,-0.003961
g__norank_f__Hyphomicrobiaceae,0.0002641,0.0009882,0.004226,0.008805,0.02923,0.07493,-0.00898,-0.0005283,-0.003962
g__norank_f__Paracaedibacteraceae,0.002377,0.002754,0.002113,0.002795,0.779,0.8413,-0.001849,0.002113,0.0002642
g__Aquabacterium,0.003169,0.007655,0.001321,0.002342,0.8559,0.909,-0.001585,0.006602,0.001849
g__norank_f__norank_o__JG36-GS-52,0,0,0.00449,0.01017,0.03785,0.08813,-0.01109,-0.0002641,-0.00449
g__norank_f__D05-2,0.002113,0.004964,0.002377,0.00591,1,1,-0.004227,0.003434,-0.0002643
g__unclassified_f__Rhodocyclaceae,0.0005282,0.001343,0.003698,0.00894,0.2903,0.4094,-0.008716,0.0002643,-0.003169
g__Georgfuchsia,0.0002641,0.0009882,0.003962,0.004219,0.004603,0.02024,-0.00581,-0.001584,-0.003697
g__Ellin517,0.0002641,0.0009882,0.003962,0.004911,0.0111,0.03611,-0.006338,-0.00132,-0.003697
g__Sulfurifustis,0.0002641,0.0009882,0.003962,0.008877,0.06308,0.1364,-0.00898,-0.0002641,-0.003698
g__Actinopolymorpha,0.0007923,0.002965,0.003433,0.0109,0.5782,0.6642,-0.009243,0.001584,-0.002641
g__Pasteuria,0.001056,0.00226,0.003169,0.004065,0.07189,0.1501,-0.00449,-1.249E-8,-0.002113
g__unclassified_f__Enterobacteriaceae,0,0,0.003962,0.0101,0.07946,0.1537,-0.009773,0,-0.003962
g__Hymenobacter,0.001849,0.004037,0.002113,0.004028,0.7367,0.8008,-0.003169,0.002641,-0.0002641
g__norank_f__Rhodanobacteraceae,0,0,0.003962,0.01482,0.3531,0.45,-0.01188,0,-0.003961
g__norank_f__Amb-16S-1034,0.002377,0.004723,0.001585,0.002389,0.8891,0.938,-0.001585,0.003697,0.0007921
g__norank_f__norank_o__Cytophagales,0.0005282,0.001343,0.003433,0.005322,0.1384,0.2365,-0.005809,-0.0002641,-0.002905
g__Rurimicrobium,0.001056,0.00226,0.002905,0.004148,0.1362,0.2346,-0.004226,0.0005283,-0.001849
g__Rickettsiella,0.001056,0.003052,0.002905,0.003886,0.06542,0.1403,-0.003961,0.000528,-0.001849
g__Clostridium_sensu_stricto_1,0.002905,0.004394,0.001056,0.00226,0.2104,0.321,-0.0005282,0.004754,0.001849
g__Porphyrobacter,0.001849,0.004037,0.001849,0.002808,0.5832,0.6671,-0.002377,0.002904,-4.155E-7
g__Motilibacter,0,0,0.003698,0.01178,0.07932,0.1537,-0.01056,0,-0.003698
g__unclassified_c__Anaerolineae,0.001849,0.004755,0.001849,0.003478,0.5219,0.6242,-0.002905,0.003169,-6.851E-8
g__norank_f__norank_o__Candidatus_Peregrinibacteria,0.0007923,0.002141,0.002905,0.004394,0.1056,0.1925,-0.004754,6.877E-8,-0.002113
g__Gryllotalpicola,0.0007923,0.001574,0.002905,0.007967,0.8725,0.9217,-0.006867,0.0007924,-0.002113
g__Terrimicrobium,0.0005282,0.001976,0.003169,0.004994,0.0728,0.1516,-0.005809,8.145E-9,-0.002641
g__norank_f__Phycisphaeraceae,0.0002641,0.0009882,0.003433,0.006719,0.06739,0.143,-0.007132,-0.0002641,-0.00317
g__Cutibacterium,0.0002641,0.0009882,0.003433,0.008263,0.2575,0.376,-0.008187,0.0002641,-0.003169
g__BD1-7_clade,0.0002641,0.0009882,0.003433,0.007173,0.2575,0.376,-0.007131,0,-0.003169
g__Amnibacterium,0.0007923,0.002965,0.002641,0.003677,0.05289,0.1189,-0.004226,0.0007919,-0.001849
g__Gemmata,0.002641,0.002685,0.0007923,0.001574,0.0457,0.1042,0.0002641,0.003434,0.001849
g__unclassified_o__Enterobacterales,0.0002641,0.0009882,0.003169,0.005955,0.06739,0.143,-0.006339,-0.0002641,-0.002905
g__norank_f__Sneathiellaceae,0.0002641,0.0009882,0.003169,0.004994,0.05887,0.1288,-0.00581,-0.000528,-0.002905
g__Subtercola,0.001321,0.002342,0.001849,0.003161,0.7158,0.7791,-0.00264,0.001321,-0.0005281
g__unclassified_f__Verrucomicrobiaceae,0.001849,0.003478,0.001321,0.002342,0.9078,0.9539,-0.001585,0.002641,0.000528
g__unclassified_o__Rickettsiales,0.001585,0.002389,0.001585,0.002795,0.8451,0.9,-0.001849,0.002113,1.008E-7
g__unclassified_f__Cytophagaceae,0.001321,0.002342,0.001849,0.002808,0.6551,0.7282,-0.002377,0.001321,-0.0005282
g__Leifsonia,0.002377,0.004255,0.0007923,0.002141,0.3208,0.4437,-0.0007924,0.004225,0.001584
g__norank_f__norank_o__norank_c__norank_p__Patescibacteria,0.0002641,0.0009882,0.002905,0.005265,0.06308,0.1364,-0.005547,-0.0002641,-0.002641
g__Myxococcus,0.0002641,0.0009882,0.002905,0.003605,0.01282,0.04004,-0.004754,-0.0007924,-0.002641
g__norank_f__Heliobacteriaceae,0.0002641,0.0009882,0.002905,0.008961,0.5211,0.6242,-0.00766,0.0005283,-0.002641
g__Sporomusa,0.001056,0.003052,0.002113,0.004028,0.2366,0.352,-0.003962,0.00132,-0.001057
g__Lactobacillus,0,0,0.003169,0.006298,0.07889,0.1537,-0.006339,0,-0.003169
g__norank_f__norank_o__FCPU453,0.003169,0.008056,0,0,0.07932,0.1537,0,0.008451,0.003169
g__ZOR0006,0.001585,0.001899,0.001321,0.002342,0.5647,0.6624,-0.001321,0.001849,0.0002642
g__Anaerobacterium,0.001585,0.003149,0.001321,0.001839,0.8217,0.8786,-0.001321,0.002113,0.0002638
g__Chitinibacter,0.0007923,0.002141,0.002113,0.004281,0.5356,0.6377,-0.003961,0.001057,-0.00132
g__Cystobacter,0.0007923,0.002965,0.002113,0.007906,1,1,-0.006339,0.002377,-0.001321
g__unclassified_c__Thermoleophilia,0.0005282,0.001343,0.002377,0.00535,0.5581,0.6563,-0.005018,0.0005283,-0.001849
g__unclassified_f__Alicyclobacillaceae,0.0002641,0.0009882,0.002641,0.005315,0.1385,0.2365,-0.005282,-1.349E-8,-0.002377
g__Mycoavidus,0.002905,0.004849,0,0,0.01759,0.04936,0.0007924,0.00581,0.002905
g__Bifidobacterium,0,0,0.002905,0.004627,0.01749,0.04936,-0.005282,-0.0007924,-0.002905
g__unclassified_f__Diplorickettsiaceae,0,0,0.002905,0.007277,0.07946,0.1537,-0.006866,0,-0.002905
g__norank_f__Thermoactinomycetaceae,0.001321,0.002754,0.001321,0.002342,0.8084,0.8692,-0.001849,0.002113,-6.761E-8
g__norank_f__norank_o__Ardenticatenales,0.001849,0.006917,0.0007923,0.002141,0.638,0.7142,-0.001849,0.005282,0.001056
g__Rickettsia,0.0007923,0.002141,0.001849,0.002808,0.2254,0.3373,-0.002905,0.0007923,-0.001057
g__Delftia,0.001849,0.002405,0.0007923,0.001574,0.2151,0.325,-0.0005283,0.002641,0.001057
g__norank_f__norank_o__norank_c__Microgenomatia,0.001849,0.002808,0.0007923,0.001574,0.338,0.45,-0.0005283,0.002641,0.001056
g__norank_f__27F-1492R,0.0005282,0.001343,0.002113,0.005929,0.6048,0.6888,-0.005019,0.0007924,-0.001585
g__Silvimonas,0.002377,0.006896,0.0002641,0.0009882,0.2899,0.4094,-0.0002641,0.006338,0.002113
g__Ruminiclostridium,0,0,0.002641,0.003953,0.01749,0.04936,-0.004754,-0.0007924,-0.002641
g__norank_f__type_III,0.001585,0.002389,0.001056,0.003953,0.1086,0.1952,-0.002113,0.002641,0.0005284
g__norank_f__norank_o__Candidatus_Levybacteria,0.002641,0.003379,0,0,0.007721,0.0278,0.001056,0.004226,0.002641
g__unclassified_o__Corynebacteriales,0,0,0.002641,0.008873,0.1649,0.2611,-0.007396,0,-0.002641
g__Polycyclovorans,0,0,0.002641,0.005697,0.07946,0.1537,-0.006075,0,-0.002641
g__norank_f__Longimicrobiaceae,0.001056,0.003953,0.001585,0.003149,0.2026,0.3108,-0.002905,0.002113,-0.0005281
g__unclassified_f__Sphingobacteriaceae,0.001585,0.002795,0.0007923,0.002141,0.3865,0.4844,-0.001056,0.002641,0.0007924
g__norank_f__Rickettsiaceae,0.0007923,0.002141,0.001585,0.002795,0.3865,0.4844,-0.002641,0.001056,-0.0007924
g__Sphingobacterium,0.0007923,0.002141,0.001585,0.004028,0.6544,0.7282,-0.003169,0.001321,-0.0007924
g__unclassified_f__Spirochaetaceae,0.001849,0.006917,0.0005282,0.001976,1,1,-0.001585,0.005546,0.00132
g__Robbsia,0.0005282,0.001976,0.001849,0.005936,0.5782,0.6642,-0.004756,0.001056,-0.001321
g__Silvanigrella,0.0005282,0.001343,0.001849,0.002405,0.09648,0.1793,-0.002905,7.924E-8,-0.001321
g__norank_f__norank_o__Thalassobaculales,0.0005282,0.001343,0.001849,0.003161,0.2899,0.4094,-0.003169,0.0002642,-0.001321
g__norank_f__Hungateiclostridiaceae,0.0002641,0.0009882,0.002113,0.002795,0.03114,0.07829,-0.003434,-0.0002641,-0.001849
g__Nitrolancea,0.0002641,0.0009882,0.002113,0.006912,0.5491,0.6488,-0.006074,0.0005283,-0.001849
g__norank_f__norank_o__Babeliales,0.002377,0.003728,0,0,0.01756,0.04936,0.0007923,0.00449,0.002377
g__Brevibacillus,0,0,0.002377,0.004,0.007574,0.02756,-0.00449,-0.0007924,-0.002377
g__Defluviicoccus,0,0,0.002377,0.003434,0.007737,0.0278,-0.004226,-0.0007924,-0.002377
g__CL500-3,0,0,0.002377,0.004,0.03764,0.08813,-0.00449,-0.0005282,-0.002377
g__norank_f__norank_o__norank_c__P2-11E,0.001321,0.004,0.001056,0.003953,0.6076,0.69,-0.002641,0.003433,0.0002642
g__Halomonas,0.001056,0.003953,0.001321,0.002754,0.3649,0.4624,-0.002377,0.001849,-0.0002641
g__Telmatospirillum,0.001056,0.003953,0.001321,0.004,0.6076,0.69,-0.003169,0.002641,-0.0002641
g__Vampirovibrio,0.001321,0.001839,0.001056,0.001733,0.7121,0.7773,-0.001057,0.001585,0.0002641
g__norank_f__unclassified,0.001321,0.002342,0.001056,0.00226,0.7157,0.7791,-0.001321,0.001849,0.0002641
g__unclassified_f__Simkaniaceae,0.001321,0.002754,0.0007923,0.001574,0.8725,0.9217,-0.001057,0.002113,0.0005282
g__norank_f__Rhodocyclaceae,0.0007923,0.002141,0.001321,0.001839,0.2729,0.3919,-0.001849,0.0007924,-0.0005284
g__norank_f__norank_o__Elev-1554,0.001321,0.003113,0.0007923,0.002141,0.6544,0.7282,-0.001321,0.00264,0.0005281
g__Pelosinus,0.0007923,0.001574,0.001321,0.002754,0.8725,0.9217,-0.002113,0.001057,-0.0005281
g__Aureimonas,0.001321,0.003113,0.0007923,0.002141,0.6544,0.7282,-0.001321,0.002377,0.0005281
g__norank_f__norank_o__Actinomarinales,0.0005282,0.001976,0.001585,0.004281,0.5491,0.6488,-0.003697,0.001056,-0.001056
g__Paludisphaera,0.0002641,0.0009882,0.001849,0.002405,0.03301,0.08117,-0.002905,-0.0002641,-0.001585
g__Actinocatenispora,0.0002641,0.0009882,0.001849,0.005179,0.5211,0.6242,-0.005019,0.0005283,-0.001585
g__Porticoccus,0,0,0.002113,0.005371,0.1646,0.2611,-0.005282,0,-0.002113
g__Crenobacter,0.002113,0.004747,0,0,0.07946,0.1537,0,0.004753,0.002113
g__unclassified_o__Bacillales,0,0,0.002113,0.005171,0.07946,0.1537,-0.005019,0,-0.002113
g__Effusibacillus,0.0005282,0.001976,0.001321,0.004,0.5782,0.6642,-0.003169,0.001056,-0.0007924
g__Dysgonomonas,0.0005282,0.001976,0.001321,0.004,0.5782,0.6642,-0.003169,0.00132,-0.0007924
g__Xanthobacter,0.001321,0.002754,0.0005282,0.001343,0.5581,0.6563,-0.0005284,0.002377,0.0007923
g__unclassified_f__Rhodanobacteraceae,0.0002641,0.0009882,0.001585,0.002795,0.1385,0.2365,-0.002905,6.833E-8,-0.001321
g__unclassified_o__Lactobacillales,0.0002641,0.0009882,0.001585,0.002389,0.07158,0.1501,-0.002641,8.717E-9,-0.001321
g__unclassified_f__Nannocystaceae,0.001585,0.005929,0.0002641,0.0009882,1,1,-0.0005283,0.004755,0.001321
g__norank_f__norank_o__norank_c__norank_p__GAL15,0.001849,0.00429,0,0,0.07946,0.1537,0,0.004226,0.001849
g__Escherichia-Shigella,0,0,0.001849,0.004971,0.07932,0.1537,-0.004755,0,-0.001849
g__Alkanibacter,0,0,0.001849,0.001919,0.002984,0.01469,-0.002906,-0.0007924,-0.001849
g__Flexivirga,0,0,0.001849,0.005936,0.1649,0.2611,-0.005283,0,-0.001849
g__Alsobacter,0,0,0.001849,0.006917,0.3531,0.45,-0.005546,0,-0.001849
g__Tyzzerella,0.0007923,0.002141,0.001056,0.00226,0.6793,0.7506,-0.001849,0.001321,-0.0002641
g__Candidatus_Megaira,0.001056,0.001733,0.0007923,0.002141,0.4593,0.5624,-0.001056,0.001585,0.0002642
g__Bacteriovorax,0.0007923,0.001574,0.001056,0.001733,0.6907,0.7602,-0.001321,0.0007925,-0.0002641
g__norank_f__Neisseriaceae,0.0007923,0.002141,0.001056,0.002685,0.9698,1,-0.002113,0.001585,-0.0002641
g__norank_f__norank_o__norank_c__Kazania,0.0002641,0.0009882,0.001321,0.003434,0.5211,0.6242,-0.003169,0.0005283,-0.001056
g__Salinispira,0.0002641,0.0009882,0.001321,0.003434,0.5211,0.6242,-0.002905,0.0005283,-0.001056
g__Caedibacter,0.0002641,0.0009882,0.001321,0.002754,0.2734,0.3919,-0.002641,0.0002642,-0.001056
g__norank_f__Vampirovibrionaceae,0.0002641,0.0009882,0.001321,0.002754,0.2734,0.3919,-0.002641,0.0002642,-0.001056
g__Pseudorhodobacter,0,0,0.001585,0.002389,0.01728,0.04936,-0.002905,-0.0005283,-0.001585
g__unclassified_c__Elusimicrobia,0.001585,0.002389,0,0,0.01728,0.04936,0.0005283,0.002641,0.001585
g__unclassified_p__Myxococcota,0,0,0.001585,0.002795,0.03778,0.08813,-0.003169,-0.0002641,-0.001585
g__unclassified_o__Lachnospirales,0,0,0.001585,0.003149,0.03764,0.08813,-0.003169,-0.0002641,-0.001585
g__unclassified_f__Vampirovibrionaceae,0,0,0.001585,0.004028,0.07932,0.1537,-0.003962,0,-0.001585
g__Taonella,0,0,0.001585,0.003149,0.03764,0.08813,-0.003169,-0.0002641,-0.001585
g__norank_f__Glycomycetaceae,0.0007923,0.002141,0.0007923,0.002141,1,1,-0.001585,0.001585,3.97E-9
g__Estrella,0.001056,0.003052,0.0005282,0.001343,0.9698,1,-0.001057,0.002377,0.000528
g__norank_f__norank_o__norank_c__Gracilibacteria,0.0005282,0.001343,0.001056,0.003052,0.9698,1,-0.002376,0.001057,-0.000528
g__unclassified_f__Paracaedibacteraceae,0.001321,0.004,0,0,0.1649,0.2611,0,0.003433,0.001321
g__unclassified_f__Alcaligenaceae,0.001321,0.003113,0,0,0.07932,0.1537,0,0.003169,0.00132
g__Thermoactinomyces,0,0,0.001321,0.002342,0.03764,0.08813,-0.002641,-0.0002641,-0.001321
g__norank_f__Cyclobacteriaceae,0,0,0.001321,0.004,0.1649,0.2611,-0.003433,0,-0.001321
g__Stella,0,0,0.001321,0.003113,0.07932,0.1537,-0.003169,0,-0.00132
g__norank_f__Methylophilaceae,0,0,0.001321,0.004,0.1649,0.2611,-0.003698,0,-0.001321
g__norank_f__norank_o__Omnitrophales,0,0,0.001321,0.003434,0.1649,0.2611,-0.003169,0,-0.00132
g__Skermania,0,0,0.001321,0.002342,0.03764,0.08813,-0.002641,-0.0002641,-0.001321
g__unclassified_f__Roseiflexaceae,0,0,0.001321,0.003113,0.07932,0.1537,-0.003169,0,-0.00132
g__Emticicia,0.0005282,0.001343,0.0007923,0.001574,0.6528,0.7282,-0.001321,0.0007924,-0.0002641
g__Abditibacterium,0.0005282,0.001343,0.0007923,0.002141,0.9698,1,-0.001585,0.001057,-0.0002641
g__norank_f__norank_o__KIST-JJY010,0.0007923,0.002965,0.0005282,0.001343,0.6378,0.7142,-0.001057,0.002376,0.0002639
g__Aeromonas,0.0002641,0.0009882,0.001056,0.00226,0.2899,0.4094,-0.002113,0.0002641,-0.0007924
g__norank_f__norank_o__MSB-4B10,0.0002641,0.0009882,0.001056,0.003052,0.5491,0.6488,-0.002641,0.0005283,-0.0007922
g__Turneriella,0.0002641,0.0009882,0.001056,0.002685,0.5209,0.6242,-0.002377,0.0005283,-0.0007923
g__Larkinella,0.001056,0.00226,0.0002641,0.0009882,0.2899,0.4094,-0.0002642,0.002377,0.0007924
g__Spirosoma,0.0002641,0.0009882,0.001056,0.001733,0.1559,0.261,-0.001849,0.0002641,-0.0007924
g__norank_f__norank_o__norank,0.0002641,0.0009882,0.001056,0.001733,0.1559,0.261,-0.001849,0.0002642,-0.0007924
g__Aquaspirillum_arcticum_group,0.0002641,0.0009882,0.001056,0.003953,1,1,-0.003169,0.0005283,-0.0007923
g__unclassified_c__Acidobacteriae,0.0002641,0.0009882,0.0007923,0.001574,0.3064,0.4276,-0.001321,0.0002641,-0.0005283
g__Comamonas,0.0002641,0.0009882,0.0007923,0.001574,0.3064,0.4276,-0.001585,0.0005283,-0.0005283
g__Spirochaeta_2,0.0002641,0.0009882,0.0007923,0.002965,1,1,-0.002376,0.0007924,-0.000528
g__norank_f__norank_o__EV818SWSAP88,0.0005282,0.001976,0.0005282,0.001976,1,1,-0.001585,0.001585,-1.611E-8
g__norank_f__Pleomorphomonadaceae,0.0007923,0.002141,0.0002641,0.0009882,0.5491,0.6488,-0.0005283,0.001849,0.0005282
g__SH3-11,0.0002641,0.0009882,0.0007923,0.001574,0.3064,0.4276,-0.001585,0.0002642,-0.0005283
g__Litorilinea,0.0005282,0.001976,0.0005282,0.001976,1,1,-0.001585,0.001585,-1.548E-9
g__Phaeodactylibacter,0.0002641,0.0009882,0.0007923,0.002141,0.5491,0.6488,-0.001849,0.0005283,-0.0005282
g__unclassified_f__Gemmataceae,0,0,0.001056,0.00226,0.07932,0.1537,-0.002377,0,-0.001057
g__Ralstonia,0,0,0.001056,0.00226,0.07932,0.1537,-0.002377,0,-0.001057
g__Candidatus_Omnitrophus,0,0,0.001056,0.00226,0.07932,0.1537,-0.002377,0,-0.001056
g__unclassified_o__Cytophagales,0,0,0.001056,0.003953,0.3531,0.45,-0.003169,0,-0.001056
g__norank_f__p-251-o5,0,0,0.001056,0.003953,0.3531,0.45,-0.003169,0,-0.001056
g__Anaerotruncus,0,0,0.001056,0.003052,0.1649,0.2611,-0.002905,0,-0.001056
g__Alistipes,0,0,0.001056,0.002685,0.1646,0.2611,-0.002641,0,-0.001056
g__Truepera,0.001056,0.003953,0,0,0.3531,0.45,0,0.003169,0.001056
g__unclassified_f__Longimicrobiaceae,0,0,0.001056,0.002685,0.1646,0.2611,-0.002641,0,-0.001056
g__Lachnospiraceae_NK3A20_group,0,0,0.001056,0.003953,0.3531,0.45,-0.003169,0,-0.001056
g__norank_f__norank_o__PAUC26f,0,0,0.001056,0.002685,0.1646,0.2611,-0.002641,0,-0.001056
g__norank_f__Magnetospiraceae,0,0,0.001056,0.00226,0.07932,0.1537,-0.002377,0,-0.001057
g__unclassified_f__Obscuribacteraceae,0.001056,0.00226,0,0,0.07932,0.1537,0,0.002377,0.001057
g__norank_f__BSV26,0.001056,0.003953,0,0,0.3531,0.45,0,0.003169,0.001056
g__Leptospirillum,0,0,0.001056,0.003953,0.3531,0.45,-0.003169,0,-0.001056
g__Perlucidibaca,0,0,0.001056,0.00226,0.07932,0.1537,-0.002377,0,-0.001057
g__norank_f__norank_o__norank_c__Actinobacteria,0,0,0.001056,0.00226,0.07932,0.1537,-0.002113,0,-0.001057
g__Lachnoclostridium,0,0,0.001056,0.00226,0.07932,0.1537,-0.002377,0,-0.001057
g__Collinsella,0.0002641,0.0009882,0.0005282,0.001976,1,1,-0.001585,0.0007925,-0.0002641
g__unclassified_f__Lachnospiraceae,0.0005282,0.001343,0.0002641,0.0009882,0.5774,0.6642,-0.0005283,0.001057,0.0002641
g__Williamsia,0.0002641,0.0009882,0.0005282,0.001343,0.5774,0.6642,-0.001057,0.0005283,-0.0002642
g__norank_f__Ardenticatenaceae,0.0005282,0.001976,0.0002641,0.0009882,1,1,-0.0007924,0.001585,0.0002641
g__Parvibaculum,0.0005282,0.001343,0.0002641,0.0009882,0.5774,0.6642,-0.0005283,0.001057,0.0002642
g__unclassified_o__Gammaproteobacteria_Incertae_Sedis,0.0002641,0.0009882,0.0005282,0.001976,1,1,-0.001585,0.0007924,-0.0002641
g__Gottschalkia,0.0002641,0.0009882,0.0005282,0.001343,0.5774,0.6642,-0.001057,0.0005283,-0.0002641
g__norank_f__norank_o__Candidatus_Azambacteria,0.0005282,0.001343,0.0002641,0.0009882,0.5774,0.6642,-0.0005283,0.001057,0.0002641
g__Geminicoccus,0.0005282,0.001343,0.0002641,0.0009882,0.5774,0.6642,-0.0005283,0.001057,0.0002642
g__norank_f__Ruminococcaceae,0.0002641,0.0009882,0.0005282,0.001343,0.5774,0.6642,-0.001057,0.0005283,-0.0002641
g__Waddlia,0,0,0.0007923,0.002965,0.3531,0.45,-0.002376,0,-0.0007921
g__unclassified_c__Dehalococcoidia,0,0,0.0007923,0.002141,0.1649,0.2611,-0.002113,0,-0.0007924
g__norank_f__Spirosomaceae,0,0,0.0007923,0.002141,0.1649,0.2611,-0.002113,0,-0.0007924
g__Niabella,0,0,0.0007923,0.002965,0.3531,0.45,-0.002376,0,-0.0007921
g__norank_f__FFCH9454,0,0,0.0007923,0.002141,0.1649,0.2611,-0.001849,0,-0.0007924
g__unclassified_f__Methylophilaceae,0,0,0.0007923,0.002965,0.3531,0.45,-0.002376,0,-0.0007921
g__unclassified_o__Omnitrophales,0,0,0.0007923,0.002965,0.3531,0.45,-0.002376,0,-0.0007921
g__unclassified_f__Legionellaceae,0.0007923,0.001574,0,0,0.07889,0.1537,0,0.001585,0.0007924
g__Hydrocarboniphaga,0,0,0.0007923,0.002965,0.3531,0.45,-0.002376,0,-0.0007921
g__Streptococcus,0,0,0.0007923,0.002141,0.1649,0.2611,-0.002113,0,-0.0007924
g__norank_f__norank_o__Candidatus_Kuenenbacteria,0.0007923,0.002965,0,0,0.3531,0.45,0,0.002376,0.0007921
g__norank_f__norank_o__FFCH16767,0,0,0.0007923,0.002965,0.3531,0.45,-0.002376,0,-0.0007921
g__Wolbachia,0,0,0.0007923,0.002141,0.1649,0.2611,-0.002113,0,-0.0007924
g__Staphylococcus,0,0,0.0007923,0.002965,0.3531,0.45,-0.002376,0,-0.0007921
g__norank_f__norank_o__Candidatus_Abawacabacteria,0,0,0.0007923,0.002141,0.1649,0.2611,-0.002113,0,-0.0007924
g__Neisseria,0,0,0.0005282,0.001343,0.1646,0.2611,-0.001321,0,-0.0005283
g__Armatimonas,0,0,0.0005282,0.001976,0.3531,0.45,-0.001585,0,-0.0005282
g__NK4A214_group,0,0,0.0005282,0.001976,0.3531,0.45,-0.001585,0,-0.0005282
g__norank_f__Streptosporangiaceae,0.0005282,0.001976,0,0,0.3531,0.45,0,0.001585,0.0005282
g__unclassified_o__Micavibrionales,0,0,0.0005282,0.001976,0.3531,0.45,-0.001585,0,-0.0005282
g__norank_f__Fodinicurvataceae,0,0,0.0005282,0.001976,0.3531,0.45,-0.001585,0,-0.0005282
g__Rosenbergiella,0,0,0.0005282,0.001343,0.1646,0.2611,-0.001321,0,-0.0005283
g__unclassified_f__Morganellaceae,0,0,0.0005282,0.001976,0.3531,0.45,-0.001585,0,-0.0005282
g__Ruminococcus_torques_group,0.0002641,0.0009882,0.0002641,0.0009882,1,1,-0.0007924,0.0007924,-4.794E-9
g__norank_f__Anaplasmataceae,0,0,0.0005282,0.001976,0.3531,0.45,-0.001585,0,-0.0005282
g__Longimicrobium,0,0,0.0005282,0.001976,0.3531,0.45,-0.001585,0,-0.0005282
g__Candidatus_Jidaibacter,0.0002641,0.0009882,0.0002641,0.0009882,1,1,-0.0007924,0.0007924,8.001E-9
g__norank_f__norank_o__Candidatus_Adlerbacteria,0,0,0.0005282,0.001976,0.3531,0.45,-0.001585,0,-0.0005282
g__Dendrosporobacter,0,0,0.0005282,0.001976,0.3531,0.45,-0.001585,0,-0.0005282
g__norank_f__norank_o__SM1A07,0,0,0.0005282,0.001976,0.3531,0.45,-0.001585,0,-0.0005282
g__Lautropia,0,0,0.0005282,0.001976,0.3531,0.45,-0.001585,0,-0.0005282
g__unclassified_c__Vampirivibrionia,0.0005282,0.001976,0,0,0.3531,0.45,0,0.001585,0.0005282
g__norank_f__norank_o__UA11,0,0,0.0005282,0.001343,0.1646,0.2611,-0.001321,0,-0.0005283
g__unclassified_f__Methylopilaceae,0.0005282,0.001343,0,0,0.1646,0.2611,0,0.001321,0.0005283
g__unclassified_f__Rhodobacteraceae,0,0,0.0005282,0.001343,0.1646,0.2611,-0.001321,0,-0.0005283
g__norank_f__LiUU-11-161,0,0,0.0005282,0.001976,0.3531,0.45,-0.001585,0,-0.0005282
g__Mycoplasma,0,0,0.0005282,0.001976,0.3531,0.45,-0.001585,0,-0.0005282
g__Ruminococcus_gnavus_group,0,0,0.0005282,0.001343,0.1646,0.2611,-0.001321,0,-0.0005283
g__Carnobacterium,0,0,0.0005282,0.001976,0.3531,0.45,-0.001585,0,-0.0005282
g__norank_f__norank_o__Candidatus_Komeilibacteria,0,0,0.0002641,0.0009882,0.3531,0.45,-0.0007924,0,-0.0002641
g__Rhodoligotrophos,0,0,0.0002641,0.0009882,0.3531,0.45,-0.0007924,0,-0.0002641
g__norank_f__Solimonadaceae,0,0,0.0002641,0.0009882,0.3531,0.45,-0.0007924,0,-0.0002641
g__norank_f__norank_o__norank_c__norank_p__Elusimicrobiota,0.0002641,0.0009882,0,0,0.3531,0.45,0,0.0007924,0.0002641
g__unclassified_f__Thermoactinomycetaceae,0,0,0.0002641,0.0009882,0.3531,0.45,-0.0007924,0,-0.0002641
g__Heliimonas,0.0002641,0.0009882,0,0,0.3531,0.45,0,0.0007924,0.0002641
g__Akkermansia,0,0,0.0002641,0.0009882,0.3531,0.45,-0.0007924,0,-0.0002641
g__norank_f__norank_o__WCHB1-41,0,0,0.0002641,0.0009882,0.3531,0.45,-0.0007924,0,-0.0002641
g__Rubellimicrobium,0,0,0.0002641,0.0009882,0.3531,0.45,-0.0007925,0,-0.0002642
g__Ferrovibrio,0,0,0.0002641,0.0009882,0.3531,0.45,-0.0007924,0,-0.0002641
